1.479281530201094442e-03	1.821623264354279431e-03	1.815909060145675215e-03	1.676594540125657742e-03	2.032609623396543046e-03	1.624377691338195224e-03	1.708656499638721259e-03	2.384428730490136764e-03	1.799829346869551280e-03	1.925508665903461532e-03	1.734637582641274881e-03	1.756950229303027699e-03	1.864896860335422697e-03	1.976566688112341326e-03	1.569070170338198074e-03	1.766410752067769114e-03	1.934379571580049093e-03	2.134518492895404792e-03	2.814546177519627705e-03	2.574147076164827637e-03	3.484553578887012587e-03	3.957864365575384374e-03	2.329056124589386038e-03	3.120083409404390655e-03	2.930373953303160375e-03	2.596151525588992134e-03	3.831753058380299969e-03	3.621030179898306230e-03	4.227013808434717558e-03	3.058935128173266745e-03	3.793683714972597570e-03	4.104155296204716960e-03	3.936847717250228224e-03	2.452237493867215692e-03	4.428701448926191525e-03	2.746981436931738088e-03	2.612691930688210845e-03	4.668295712229390305e-03	1.126035718024097037e+02
1.512638081175141438e-03	1.845707366214262507e-03	2.014287594341432428e-03	1.574808997719368301e-03	2.051835223810945588e-03	1.749202693863529182e-03	1.782028588741408660e-03	2.383901172845230218e-03	1.761697437202028489e-03	1.981042652171157489e-03	1.768956533238415143e-03	1.808466681969679406e-03	2.078867526082833414e-03	1.962633172026250969e-03	1.659025195621135346e-03	1.899539474129142199e-03	1.759322560352494019e-03	2.075767006913058731e-03	2.896739670354342953e-03	2.577634905038067581e-03	3.803643253666290878e-03	3.613115854814341783e-03	2.790709929097797987e-03	3.484990644047824063e-03	2.989069336213903520e-03	2.665446213627499505e-03	3.877951086882641413e-03	4.002356354110394102e-03	4.485676251672665420e-03	2.998089315161521235e-03	3.847964144898244170e-03	4.878232592841263635e-03	4.523970889481136737e-03	2.073037872305439917e-03	3.999898249076379309e-03	3.193816281316356424e-03	2.442137125933575240e-03	4.555346849065526268e-03	1.033712325736551634e+02
1.545658153879878559e-03	1.931203284267500857e-03	1.883447395733479739e-03	1.666872819678255190e-03	2.105336248147848810e-03	1.662661478116173779e-03	1.800670173233736692e-03	2.487522746660568267e-03	1.818597928625869265e-03	2.051482115804152163e-03	1.636682370256000102e-03	1.919801181903628938e-03	1.873775979577212581e-03	1.880390266810587525e-03	1.647592969832602922e-03	1.885481630288452339e-03	1.769953073398189327e-03	2.266618529828926150e-03	2.652537877759553794e-03	2.690583948606961942e-03	3.606730132842414852e-03	3.989417940335852897e-03	2.534784049858563454e-03	3.233288214389297942e-03	3.270385833219978042e-03	2.806326511610968914e-03	4.159042344700592669e-03	3.730607392629577222e-03	3.849345015314843254e-03	3.188355551793153192e-03	3.640410829024662894e-03	4.537993483836953723e-03	4.430477876176876217e-03	2.154577449896596074e-03	3.985939680325987361e-03	3.543718318233114728e-03	2.326916391488402947e-03	5.162955864489947831e-03	1.078054905796495291e+02
1.515341653017397445e-03	1.808985103718338972e-03	2.066119390571442317e-03	1.569529827666660531e-03	2.070149728214936563e-03	1.752030062541856149e-03	1.743605025525364876e-03	2.454218599956232462e-03	1.830894435298675155e-03	2.114219723843270560e-03	1.632146597982539905e-03	1.795210036939817733e-03	2.050972347175206850e-03	2.256822060791180157e-03	1.530263713050372242e-03	1.967297712279580165e-03	1.883880004766798170e-03	1.982527040887053713e-03	2.694445130044849628e-03	2.648150919737459093e-03	3.886264634806733606e-03	3.518479075576209925e-03	2.849410273359031728e-03	3.435420016145550402e-03	3.299944843774806503e-03	3.261075232635676779e-03	4.238098979386957857e-03	3.533369775169828246e-03	3.926674153247556795e-03	3.459674673992492282e-03	3.764172649014287282e-03	5.122058862878657061e-03	4.320179675913009970e-03	2.776902748786180125e-03	3.981977567760903655e-03	3.171215692339756503e-03	2.868306804740375186e-03	4.783825005746181538e-03	1.022200637884121193e+02
1.556624353694966920e-03	1.853902148326715647e-03	1.878629726894749403e-03	1.688428590218554650e-03	2.098043785481641492e-03	1.646848471677613435e-03	1.688128233754174982e-03	2.427639858247472755e-03	1.894089870529150560e-03	2.053644971024108645e-03	1.826356644589640895e-03	1.796884529125123168e-03	1.976967993366668917e-03	2.009545675119913700e-03	1.591601987614284404e-03	2.036194742811885203e-03	1.877322393350747218e-03	2.175990655794985199e-03	2.976272561404173442e-03	2.637086266893527969e-03	3.782487327094082030e-03	4.074595870880612716e-03	2.712016155208253620e-03	3.218085494643512651e-03	3.106006593285373651e-03	3.053325019607920719e-03	3.924538060100960651e-03	3.849927746932660204e-03	4.291731124868461943e-03	3.227795687757316692e-03	3.527970905247908816e-03	4.785878835290878486e-03	4.512565097306922568e-03	2.563246632201729262e-03	4.168822724570666466e-03	3.746248543393343542e-03	2.857410541207438572e-03	5.036049066096230827e-03	1.035057826478511913e+02
1.452906261949097081e-03	1.910960842232573790e-03	1.944006960860800723e-03	1.678603533561614028e-03	2.082104254600209824e-03	1.691681958558221947e-03	1.674309623287444137e-03	2.466157116731895055e-03	1.741826080961684543e-03	2.445267866599178802e-03	1.834045645714665190e-03	1.690426964621897198e-03	1.997922880954360308e-03	1.995737404848758716e-03	1.569136893431453440e-03	1.989892221202663875e-03	1.930864718019914810e-03	2.225766441959617023e-03	2.526760142238568003e-03	3.129635384817413581e-03	3.752732568499171292e-03	4.373521601474165618e-03	2.559395811082966314e-03	3.353230852813088823e-03	3.331018106102671180e-03	3.382376550661461180e-03	3.861535136142287689e-03	4.295040165882836949e-03	3.794167293770046249e-03	3.370704980480009223e-03	4.532576468173574527e-03	4.537962686818952825e-03	4.486246559703897969e-03	2.381679796095276334e-03	4.397095442249122042e-03	2.778080714016520000e-03	3.020950520609497897e-03	4.934207738623044154e-03	9.894575597470775108e+01
1.503768985678097247e-03	1.829571696380120124e-03	1.962011349085597718e-03	1.609251627187850394e-03	2.086498093534596299e-03	1.719896027911024024e-03	1.698403066347822440e-03	2.538349511813795846e-03	1.743897943550408707e-03	1.931762757531110602e-03	1.932497509794319206e-03	1.804274761159945645e-03	1.966240018819373318e-03	2.074821010828906478e-03	1.683979807315640499e-03	1.981740326074811313e-03	1.844095971335462823e-03	2.183835914844434005e-03	2.765750661116798438e-03	2.601442631048690550e-03	3.813924143728517589e-03	3.700298078188939133e-03	2.639041949755953527e-03	3.188963619819775320e-03	3.168422487829327446e-03	3.189028122703750807e-03	3.750456640452475010e-03	3.753862573738368617e-03	4.628962626433240704e-03	3.313321880883469180e-03	3.573314749527632846e-03	5.031680652125541248e-03	4.167481783251950067e-03	2.517488419795511738e-03	4.230947867330886458e-03	3.044878204622262705e-03	2.862415201658181571e-03	4.755162162687140079e-03	1.021176474271438792e+02
1.460629839166980443e-03	1.909911891675331042e-03	1.829662114286598109e-03	1.697990714667663723e-03	2.043868005792318782e-03	1.709869502852260628e-03	1.538600551583352337e-03	2.442324036499584662e-03	1.794861879027038684e-03	2.048876250501589780e-03	1.724444518110820630e-03	1.841544472475478093e-03	2.020844906975603067e-03	1.967593851994971221e-03	1.584238041611070891e-03	1.952395624760732730e-03	1.873802170339812934e-03	2.261226876929524517e-03	2.734200730100385529e-03	3.011497665529966339e-03	3.635285566064197504e-03	4.009737300613096245e-03	2.568503259158812224e-03	3.230833068547501238e-03	3.002849968975836344e-03	3.000426230256613737e-03	3.895697183672004304e-03	3.491694433146782378e-03	4.355318465100848843e-03	3.068551206733199661e-03	4.349083054767001813e-03	4.771081893326327775e-03	4.424570593550560330e-03	2.194051730949679938e-03	4.200983522417519114e-03	3.271330155144191142e-03	2.910432226957609513e-03	5.325008861255059456e-03	1.028114642087182773e+02
1.448020361260200957e-03	1.961530881067138042e-03	2.105880833232307882e-03	1.632251234003844224e-03	2.043921924328104267e-03	1.668910308760308782e-03	1.709040033607472486e-03	2.692804557943385968e-03	1.852981684179871901e-03	2.149282068814782187e-03	1.726798305630884624e-03	1.840343879674341109e-03	1.961647423118741823e-03	2.040195463194778396e-03	1.635452525214106060e-03	1.946724708926925347e-03	1.949388409857548974e-03	2.126250173794881366e-03	2.505645628134506135e-03	2.907553669515272870e-03	3.849360478015070690e-03	3.469451392988526402e-03	2.984516336174572113e-03	3.209194237828222676e-03	3.271481324849824686e-03	3.155721422238416760e-03	3.933389769731784197e-03	4.159224319156495930e-03	3.969601029256080750e-03	3.488501379368852927e-03	4.254287919176956596e-03	5.121124382297540314e-03	4.482581843688762321e-03	1.928285786025359452e-03	4.819418483641048009e-03	3.407223775573988301e-03	2.717429938892057355e-03	5.831688531688585322e-03	1.004921473188760785e+02
1.492879552022419436e-03	1.882623730274069450e-03	2.049296052202703895e-03	1.651175575549010746e-03	2.122019517192574520e-03	1.600867892160982419e-03	1.704486914264480811e-03	2.365376793400846521e-03	1.711241801558004930e-03	2.063607520364585477e-03	1.808859671747331272e-03	1.703717836110451916e-03	2.047238693303493010e-03	2.022401662163538037e-03	1.550054200621516724e-03	1.942543590701679545e-03	1.923657074359075162e-03	2.004336956850739492e-03	2.838606233779118054e-03	2.707230576376448011e-03	3.868314293780180605e-03	3.591666133078837315e-03	2.664437569231099291e-03	3.312074040520103253e-03	3.014651859266308416e-03	2.627454527187177147e-03	4.412385356415790549e-03	4.059559451963129159e-03	4.177749809379923893e-03	2.968283978661808657e-03	4.115141609192791809e-03	4.532238124326140594e-03	4.278923319688644061e-03	2.503001440502407478e-03	3.960472245373877070e-03	2.983541250308237823e-03	2.811628121877493384e-03	4.995888419654591871e-03	1.026365772277624302e+02
1.504636019813458550e-03	1.955015328211252932e-03	2.011421544566201376e-03	1.666455577210846240e-03	2.014437294814388178e-03	1.763413217748254457e-03	1.744182579440154649e-03	2.514238585066491151e-03	1.860203072700340049e-03	2.063710708428004911e-03	1.797473771941448216e-03	1.732811492200796080e-03	2.307214949117623176e-03	1.931671789066109150e-03	1.373428577105468337e-03	2.134404295524576500e-03	1.922110590981889388e-03	2.174471763707049726e-03	2.736950716863636307e-03	2.882581978205856540e-03	3.946616466933023509e-03	3.738197851649215087e-03	2.419170334190591867e-03	3.315873889303190547e-03	3.017489512260742440e-03	3.143214172315602836e-03	3.862898097403776911e-03	3.639580636552722757e-03	4.479324146654571973e-03	3.041847225235498522e-03	3.502038376583017226e-03	4.265203330738018099e-03	4.119672643793570108e-03	2.997919492365827727e-03	3.518851958814921480e-03	2.966291010553133260e-03	3.255845793859625005e-03	5.337364195235783960e-03	1.029493534004276967e+02
1.495244670440832799e-03	1.751709820860335599e-03	2.074748091716171073e-03	1.569413910478419409e-03	2.191440380583484660e-03	1.652956070472890240e-03	1.561853837574851255e-03	2.436965676629117457e-03	1.789501105772903656e-03	2.138949712060479388e-03	1.730942319399093616e-03	1.834879217182629717e-03	2.116296339066068340e-03	1.822099058187259465e-03	1.699115912758552942e-03	1.899954726220691144e-03	1.778985161651177108e-03	2.235181683286141356e-03	2.842787341304384326e-03	2.567926117462935968e-03	3.950406334296522812e-03	3.609244959771083956e-03	2.700017040686407670e-03	3.065367489333765613e-03	3.439599752072365103e-03	3.472297604940798033e-03	4.064159512043240621e-03	3.761576568183789496e-03	3.916344379113933377e-03	3.298070108392891185e-03	3.975457142310904329e-03	4.372538278525992667e-03	4.672988325841889376e-03	2.397932938362000270e-03	4.151170459218259806e-03	3.496139439592198250e-03	2.927405754745851865e-03	4.436625753223873495e-03	1.009572450975725815e+02
1.412365178207099312e-03	1.952368557701397115e-03	2.064965875967700489e-03	1.585945413579497101e-03	2.139345616668026501e-03	1.690395725514018573e-03	1.743713180680056020e-03	2.509559866757079920e-03	1.809773446456873188e-03	1.878291626558136352e-03	1.823079598004402092e-03	1.806823914312958180e-03	2.038965677742956596e-03	2.180996054337083594e-03	1.601216412767070014e-03	2.025008613745719194e-03	1.949610659225170387e-03	2.048822901470453463e-03	2.656970085922848949e-03	3.004986810624463676e-03	3.541273567303789178e-03	3.606720833092207958e-03	2.621278124114946075e-03	3.185147656699131424e-03	3.263709677689171328e-03	2.900523789642660191e-03	3.842316170774469353e-03	4.072008597396592489e-03	4.433911056402015452e-03	3.237043559567223498e-03	3.800781160649109938e-03	4.547964523487216942e-03	4.162201708118211559e-03	2.403388380775539363e-03	3.827150171600797457e-03	3.531128403427295608e-03	2.650805773455820660e-03	5.181292968053922282e-03	1.052557865083636273e+02
1.510450068466425225e-03	1.859016254819474993e-03	1.884847538646412888e-03	1.640456706515259697e-03	2.084472647841411133e-03	1.797122203827398058e-03	1.710574188159513006e-03	2.240397153623860903e-03	1.800680442066193146e-03	2.115445620662493274e-03	1.759723948703192757e-03	1.860440074575483039e-03	2.105003945570747825e-03	1.908140602774851310e-03	1.607455177030336826e-03	1.885183777054065535e-03	1.895914503472247246e-03	2.267168917654417692e-03	2.924803493297104678e-03	2.718024112789298175e-03	4.068967905219300282e-03	3.779782159098498892e-03	2.800731915172771647e-03	3.350717117527363294e-03	3.016010401075431939e-03	2.836404805446243391e-03	4.067103712693119662e-03	4.054334129690786472e-03	4.209580893760599477e-03	3.236956503043722164e-03	4.067004451394436518e-03	4.554961635711965440e-03	4.312234261417644335e-03	2.500736952667945764e-03	4.452825326034905336e-03	3.460793061774229164e-03	2.728165586508375130e-03	4.829331674629768791e-03	1.013059850166615377e+02
1.381195280929729992e-03	1.855137546709730197e-03	1.938927426492752801e-03	1.640457824470897916e-03	2.017419934981367399e-03	1.777020905945831623e-03	1.690312772850377249e-03	2.261834175680348200e-03	1.783073354942972186e-03	2.153088304877945856e-03	1.645297633421105707e-03	1.898497858803536824e-03	2.013705286512857025e-03	1.859829643355779584e-03	1.677801602910334753e-03	1.843061024909203177e-03	1.894641142536099103e-03	2.119201460356642808e-03	2.697957125546111661e-03	2.838860123917057946e-03	3.687094475029323304e-03	3.612907711115899076e-03	2.530908770170870771e-03	3.152412228512605809e-03	2.867605323112162527e-03	2.859584993573578530e-03	4.580613892754711175e-03	3.620730878956310468e-03	4.169965960749267772e-03	2.952715005018599105e-03	3.798486161807928824e-03	4.900960522298055712e-03	4.507797957913837680e-03	2.249801957873650247e-03	3.917382957103201016e-03	3.021356017808899536e-03	3.006379690403006462e-03	5.455273047826968147e-03	1.042704021329005286e+02
1.501545070421406950e-03	1.877537855214395047e-03	1.953406414855224805e-03	1.704688791420886501e-03	1.993010989212872994e-03	1.705349470637553986e-03	1.581897257472640291e-03	2.371355250491025829e-03	1.858626944883827372e-03	1.910200322122294035e-03	1.770024024635428496e-03	1.893457997789962932e-03	2.011687035578548204e-03	2.004971096173668345e-03	1.783487451441839906e-03	1.784076897272766828e-03	1.679170192516993678e-03	1.990549350563633989e-03	3.028703623197497724e-03	2.687438416196463904e-03	3.604491847428771718e-03	3.840653192098498862e-03	2.706969688073717836e-03	3.322765575025030289e-03	2.796864295649871806e-03	3.061137056695696114e-03	3.929193187154988651e-03	3.811773728183338785e-03	4.402889524063677111e-03	3.003691618051409704e-03	3.834352835928531763e-03	4.683497784418318502e-03	4.529601375423634307e-03	2.160680296729250438e-03	4.193181047500446970e-03	2.726156690119847532e-03	2.557718051800108531e-03	4.925053849054719310e-03	1.046364205874592415e+02
1.404744455198095234e-03	1.809535313416321244e-03	1.918696701440833485e-03	1.564289578002345379e-03	1.982424813434703267e-03	1.660602000021463255e-03	1.650418020422312997e-03	2.250808403865919849e-03	1.757220143024324898e-03	2.079177204789496754e-03	1.797454676754776980e-03	1.989742771520024590e-03	1.897186061312216079e-03	1.904474771246264953e-03	1.724992016882016029e-03	1.863080787990297393e-03	1.757029235744517453e-03	2.068877923799934768e-03	2.946406751493243006e-03	2.527893019108135020e-03	3.735830417515492111e-03	3.455838785700331324e-03	2.735211702909862673e-03	3.032048470678158636e-03	3.094604551935623872e-03	2.850048803170658444e-03	4.186813162997787309e-03	3.733090499666163586e-03	4.072466789926825620e-03	3.221054778953070553e-03	3.400997955166400622e-03	4.402716982649799299e-03	4.493947648352971877e-03	2.171901961900266423e-03	4.072045226776444676e-03	3.047944543825484558e-03	3.001784395140718285e-03	4.543127578896672888e-03	1.092735483773323892e+02
1.542296912009288260e-03	1.829941211319051743e-03	1.920729092457693337e-03	1.582407557370994278e-03	1.949501163769343758e-03	1.724560376926176234e-03	1.565671890568333304e-03	2.223256356902471829e-03	1.754206060128489335e-03	2.085568083438672955e-03	1.693615419978844547e-03	1.857928834466748315e-03	1.884831242505262405e-03	1.811656243541224977e-03	1.605053912752211001e-03	1.873090182085529378e-03	1.754732381679444293e-03	2.186577532199816647e-03	2.924883649925322411e-03	2.351185310934800037e-03	3.566858300006200445e-03	3.481505827435598961e-03	2.547983045093519389e-03	3.328006606766950592e-03	2.963994402958389923e-03	2.722542994281730837e-03	3.925011664734667435e-03	3.803518831343123338e-03	3.865350527698718092e-03	2.990657391930530429e-03	3.564976011502879027e-03	4.655342499108716843e-03	4.117897497490665554e-03	2.121776002519696822e-03	4.098587319712227936e-03	2.864656727879537606e-03	2.572783895554437393e-03	4.488667925166937855e-03	1.118329301929392443e+02
1.481422414991387208e-03	1.816920471667816863e-03	1.927312281310499019e-03	1.680028009030560448e-03	1.999103743889224429e-03	1.760154049520162595e-03	1.601846443324524529e-03	2.413423001359843272e-03	1.783369391431363377e-03	2.099990933192851482e-03	1.828487495910018513e-03	1.924660164364492198e-03	1.930757631934990623e-03	1.930534097996596758e-03	1.750932237639078520e-03	1.865385993901186616e-03	1.816153366199024267e-03	2.184361227013600741e-03	2.801467072203893665e-03	2.668009180300659651e-03	3.710841930049904158e-03	4.056421499300620105e-03	2.327450002756133868e-03	3.491114631339931312e-03	2.842790595308905457e-03	3.189368425729307427e-03	3.905111202361213462e-03	3.961120932568905177e-03	4.203815699383535963e-03	3.208940047515406076e-03	4.212655126353909152e-03	4.906364962766715174e-03	4.134333355352612371e-03	2.641099315694474953e-03	4.009659660320811538e-03	3.085385522227176817e-03	2.635754677346008410e-03	4.849517692438481790e-03	1.040625907302848390e+02
1.491627761983466919e-03	1.854395472566884931e-03	2.042602231021771724e-03	1.447313670180608042e-03	1.965214116006554473e-03	1.798907461164170199e-03	1.632332461353693106e-03	2.371063434063280188e-03	1.810641534536987793e-03	1.957936358864244275e-03	1.716541569865286283e-03	1.790048853328368283e-03	2.077822153149297066e-03	1.931880270851981437e-03	1.650452525197634683e-03	1.858626600416734284e-03	1.829178300461666929e-03	2.274950693205569745e-03	2.906849584938246689e-03	2.658683237273639765e-03	3.724780648999897678e-03	3.344599494863989379e-03	2.993974449592410117e-03	3.078754964929050243e-03	2.735597857865746524e-03	2.702419670537656825e-03	4.317353481843404922e-03	3.854838805050287472e-03	4.200566189971135372e-03	3.284731593475641830e-03	3.531683640770082698e-03	4.848772334372273250e-03	4.197475944867253006e-03	2.516334293402714296e-03	4.041320851874410577e-03	2.942599355536564768e-03	2.845633165175203566e-03	4.762102097545716992e-03	1.060454558905112208e+02
1.453251963271840353e-03	1.929859081340907232e-03	1.994071828980569991e-03	1.544400682603901814e-03	1.928014291108048721e-03	1.775044045725320593e-03	1.745124345603378188e-03	2.389231909260583400e-03	1.808445762476915478e-03	2.231811920645272035e-03	1.650155104676202539e-03	1.650623305365745211e-03	2.288872454166129139e-03	2.018338233321557984e-03	1.613642751928831033e-03	1.882773752612650064e-03	1.856148647053098774e-03	2.101516567723695633e-03	2.909855523468384778e-03	2.534457742473196582e-03	3.438355441229989755e-03	3.717097341895735617e-03	2.820512633090166942e-03	3.680266230980358284e-03	2.847315740925697100e-03	2.807412083634653905e-03	4.006877176781328993e-03	3.535575966379924003e-03	3.657870361043946174e-03	3.234062328132342266e-03	4.200376446995607652e-03	4.001020432291691256e-03	4.030424992906754544e-03	2.615389911875815390e-03	4.177757646643328986e-03	3.269535547260633140e-03	2.984530322078780308e-03	4.569613264018744514e-03	1.082139282790692789e+02
1.484146510679209196e-03	1.789909627325205789e-03	2.103245247937435454e-03	1.462822108316381813e-03	2.046829896937474823e-03	1.748633520080224418e-03	1.885952723380748298e-03	2.468793260377780911e-03	1.792168597596210163e-03	2.033277544714365628e-03	1.779425676313106924e-03	1.863253279845671854e-03	2.047043228092240968e-03	1.983457089181325187e-03	1.548783372754757373e-03	1.950808203498117718e-03	1.922323900310538448e-03	2.153273999276773994e-03	2.867004537420879753e-03	2.632923879908449609e-03	3.799213690933873986e-03	3.228382210010236324e-03	3.173110673197958136e-03	3.445539737622681752e-03	2.977926449703790363e-03	2.728790871094365078e-03	4.268549551438086120e-03	3.923021172742440638e-03	4.265799807497180907e-03	3.055257329738397202e-03	4.061617818617258187e-03	4.216425603038353835e-03	4.352744557563251182e-03	2.293238330185226777e-03	4.095818314510655568e-03	2.968580327719074711e-03	2.816519964970718749e-03	4.745729485639793750e-03	1.039840220003077746e+02
1.410576439565518723e-03	1.721257749636548925e-03	2.036033369442602839e-03	1.548266190802114525e-03	1.966328422022692660e-03	1.776306928030104218e-03	1.635983843702245363e-03	2.390542227185316407e-03	1.792001317123995997e-03	2.007732387078829412e-03	1.807587887937127944e-03	1.808464742763112379e-03	1.972295732543690415e-03	1.883310399890679183e-03	1.670623814671581484e-03	1.957453591964528235e-03	1.757839377365429676e-03	2.143658139900961584e-03	2.968196836979740058e-03	2.505158335808289546e-03	3.815112613229892057e-03	3.352187385882386336e-03	2.895808725563029078e-03	3.088201168197820742e-03	2.769893566884622411e-03	3.134814251030649049e-03	3.810011083816048586e-03	3.882821776721435275e-03	4.228228774082208596e-03	2.889492704798877695e-03	3.991097820325417711e-03	4.629061480695983305e-03	4.112395384528200540e-03	2.084049094193794402e-03	3.851229127843414958e-03	3.645126908708392656e-03	2.652771955587605521e-03	3.891810722990030145e-03	1.113229915714754839e+02
1.389129249279953682e-03	1.898325019304893807e-03	2.104700153055524998e-03	1.619282802461934675e-03	2.013907531803190570e-03	1.685198937231484860e-03	1.790495852425242392e-03	2.707723688615699172e-03	1.767356321246693618e-03	2.108260644901373444e-03	1.808545778162498358e-03	1.808788029696997875e-03	2.147702524139980147e-03	1.989376456515438464e-03	1.614781557615855862e-03	2.029115938721777132e-03	1.849550984931481795e-03	2.213695202901644170e-03	2.540743567617807612e-03	2.801303464608318611e-03	3.744818114885573729e-03	3.880764150484969192e-03	3.033321467272818376e-03	3.338296193446753553e-03	3.110448878545968646e-03	3.058823609756626712e-03	4.019506669287782261e-03	4.222347562951857432e-03	4.186091505559427946e-03	3.144875132123159736e-03	4.338347968987031449e-03	4.662982314962290167e-03	4.496927830940005560e-03	2.417985521449560714e-03	4.450414646840848004e-03	3.424059307307422695e-03	3.000071979845399250e-03	5.131834332242181732e-03	9.656769406872427908e+01
1.536226577062465432e-03	1.938694798133381355e-03	1.920731425691704283e-03	1.674629645292823477e-03	1.958294462732722112e-03	1.760571292103910558e-03	1.711360172577522029e-03	2.373723603682733468e-03	1.808806165626391550e-03	1.973348194002657457e-03	1.808170803968617161e-03	1.900023759864152536e-03	1.968878577721291240e-03	2.022657364835756411e-03	1.639569434735317849e-03	1.877479561034227579e-03	1.921485248186828197e-03	2.230945038060654258e-03	2.959298288375083325e-03	2.566262437773489044e-03	3.934077008044050035e-03	3.858572449188099260e-03	2.773834764993412562e-03	3.146160726204298361e-03	3.129336880564275933e-03	2.755508231450343529e-03	4.235326951797771869e-03	4.163938288721454571e-03	4.234872608072200867e-03	2.945655799212277236e-03	3.819660246268116472e-03	4.820598586400538094e-03	4.487803060736502911e-03	2.552245381226486871e-03	4.274746950082284822e-03	3.270139775186862649e-03	2.990105117658519926e-03	4.595085335938714835e-03	1.026491605117265635e+02
1.449179517255225289e-03	1.809084600299373227e-03	2.027908078828282584e-03	1.564153104327434046e-03	1.961636418957355896e-03	1.816826656756766710e-03	1.522683424659694931e-03	2.562242029641222368e-03	1.842779392196496752e-03	1.872797614621080639e-03	1.760238427383937175e-03	1.851133806099646700e-03	1.896902781777589937e-03	2.074071792172925595e-03	1.605734133161774730e-03	1.840161395099462142e-03	1.873355075528232699e-03	2.026667266842513589e-03	2.915330303601947667e-03	2.676391859032521952e-03	3.754269668283134308e-03	3.765381641093899258e-03	2.721641899459140319e-03	3.230101132089522459e-03	2.949163188841624501e-03	3.259428256124501794e-03	4.025968858961163910e-03	3.789404676731446611e-03	4.543387991442281865e-03	3.354985411108422043e-03	3.657474661878836863e-03	4.922962043893620854e-03	4.244753246604332855e-03	2.317706871985970082e-03	4.254374820691828735e-03	3.204794674484034555e-03	3.100604736541774480e-03	4.869040581352807734e-03	1.034881369129065973e+02
1.522071710441174047e-03	1.930121155207623149e-03	1.981673335006562189e-03	1.684806361592598375e-03	2.056340137645979067e-03	1.784131321778445033e-03	1.746763725789661796e-03	2.489546087453800745e-03	1.789112773335746389e-03	2.070206941093327615e-03	1.779251888777055131e-03	1.912614623183045946e-03	1.944810954487406589e-03	1.995593003682913716e-03	1.634904615781486740e-03	1.998166624113517816e-03	1.930063286375812695e-03	2.217044260234819417e-03	2.774057536927247367e-03	2.719287831817921320e-03	3.915069330795504024e-03	3.884219975792564325e-03	2.499389334127045774e-03	3.549993338914850596e-03	3.015817474888833616e-03	2.993960597404071028e-03	3.908310127070499865e-03	4.221782095785822295e-03	4.475356788073469108e-03	3.411021332490664533e-03	3.807453710775100374e-03	4.915413524868740038e-03	4.224641461097980444e-03	2.489242163449599358e-03	4.180250610658440419e-03	3.142135087596302501e-03	2.768767881331964976e-03	5.082151953043463621e-03	1.007272646660821920e+02
1.372767887148228141e-03	1.970153156091378199e-03	1.855959506095264779e-03	1.562654188563691047e-03	2.124082247976028827e-03	1.749248184122630893e-03	1.700037255706363364e-03	2.446599885005932944e-03	1.787303829377604424e-03	2.064164807370294594e-03	1.823341530544402705e-03	1.763373144484291439e-03	2.075263268883648787e-03	2.055942618570291616e-03	1.600042062688958495e-03	2.032289770881958151e-03	1.826008342452382915e-03	2.073987890832918509e-03	2.523566115479017498e-03	2.923192469628851237e-03	3.516863510366583043e-03	3.664927853499013333e-03	2.373644532732235336e-03	3.184820443357954181e-03	2.930692225378644933e-03	2.946507192103167694e-03	3.872248718663284274e-03	4.205688806991531720e-03	4.300579214528083352e-03	3.152113485526639516e-03	3.777094053738780724e-03	4.870500876207849161e-03	4.238496828489811061e-03	2.521376642800424953e-03	4.300927906714705450e-03	3.461190886764129847e-03	2.922923900902749551e-03	5.831908888841009705e-03	1.007960227794287817e+02
1.496973387138362567e-03	1.922705151153901275e-03	2.022669062964365869e-03	1.523460797131375583e-03	2.037900054508714857e-03	1.777408545796513740e-03	1.611722229302767206e-03	2.397091078866392215e-03	1.732499974907367917e-03	2.040141680089738088e-03	1.735207236270884480e-03	1.879026259900020129e-03	1.869121993013922890e-03	2.074565239866499929e-03	1.588164231337313220e-03	1.875097963074077133e-03	1.861076145562306269e-03	2.143361598398008105e-03	2.907864963478394744e-03	2.595966982964898612e-03	3.584410802187332733e-03	3.766387834357100717e-03	2.679686997672691556e-03	3.381966674892739055e-03	2.855652641188686537e-03	3.142481152073555058e-03	4.105514896897361279e-03	3.689147290289254699e-03	4.350688062577301105e-03	2.839353800242127093e-03	3.953404527659727316e-03	5.134059072393976075e-03	4.220180729598177471e-03	2.658974854576487412e-03	3.918864872306445160e-03	3.108598962039647341e-03	3.069127390218776182e-03	4.736405424345562117e-03	1.055235885241185940e+02
1.549478897749743001e-03	1.858278259544826269e-03	1.921199899231294198e-03	1.642008459893654765e-03	1.928870545569728347e-03	1.825401822024256323e-03	1.611503876722278350e-03	2.459339913383172538e-03	1.805086766460225166e-03	2.120750133051981130e-03	1.710119782585868466e-03	2.016398660366470683e-03	2.053510549485178423e-03	1.891342622873312240e-03	1.687447330942871537e-03	1.933302009281762449e-03	1.830089673464986274e-03	2.029545019804030164e-03	2.985496469643219956e-03	2.919630665504312564e-03	3.877955622225496592e-03	3.917007423986302792e-03	2.593241133320677017e-03	3.350553060669171548e-03	2.948814513497405743e-03	3.327141969293163568e-03	4.212025782958846512e-03	4.105214949531019175e-03	4.170705051691300791e-03	2.882103034365084138e-03	3.566899307967392584e-03	4.814510821925036856e-03	4.803038912122602200e-03	2.551626422516677008e-03	4.238428444066208098e-03	3.216313822629461236e-03	3.105320325447516114e-03	4.738957747217610074e-03	1.001771678433644581e+02
1.451738223504752626e-03	1.809596020166887812e-03	1.938644948340095039e-03	1.537245361149430041e-03	2.093444493523344448e-03	1.749602434296970623e-03	1.610915892665714440e-03	2.552462001659401049e-03	1.748392583602274668e-03	2.124674352810802282e-03	1.545184176419320786e-03	1.966392345967985997e-03	1.757132048127296210e-03	2.028290603812946992e-03	1.587682410219426118e-03	1.884507955484271673e-03	1.859316852609806722e-03	2.178823019152899190e-03	2.767735637298603980e-03	2.623546167830091876e-03	3.810499214242336723e-03	3.501536754265685038e-03	2.753651237235487520e-03	3.019494362741658496e-03	3.072229826407063980e-03	2.760336995389482597e-03	3.507016362731624638e-03	4.345475441149629532e-03	3.616142164389386793e-03	3.481845239417096297e-03	3.625670509190698394e-03	4.438244195361122288e-03	4.136387561961471331e-03	2.279721235656634142e-03	3.992036284791904491e-03	3.025749973252108566e-03	2.596037741935839846e-03	4.738112337040924736e-03	1.081108654544264311e+02
1.485911190145578018e-03	1.827794110508148629e-03	2.093936180069773563e-03	1.608708991042329724e-03	2.068780807810747645e-03	1.612145080704113038e-03	1.712171137917445438e-03	2.465995008198589716e-03	1.758777400200077501e-03	1.999245985742971812e-03	1.666563390148591197e-03	1.899336849655928463e-03	1.945753800467183575e-03	2.009179019700431650e-03	1.595936344101153877e-03	1.751354121108821644e-03	1.867100847388225137e-03	2.233783375735967115e-03	2.787317026516644442e-03	2.686874989754233119e-03	3.819743971576343260e-03	3.283877611854969618e-03	2.598177992146723410e-03	3.396647226907025321e-03	3.225397162765715042e-03	3.119855081094578906e-03	3.671692668487052010e-03	3.796862139291912012e-03	4.296327919124830891e-03	3.105416587498615027e-03	3.648780009928705766e-03	5.068801157654550388e-03	4.157232073980363790e-03	2.079061926293740599e-03	3.884660630593661772e-03	2.965619227744810057e-03	2.767802108460925767e-03	5.225676255691973082e-03	1.039272568742671581e+02
1.450883838904792889e-03	1.919497440320873990e-03	1.840985200847762310e-03	1.579446743880977191e-03	2.041604334013867594e-03	1.691878734144122839e-03	1.756199327950021694e-03	2.413566787188126117e-03	1.731111253193301416e-03	1.959206896640104840e-03	1.825359623359939978e-03	1.790757233486705473e-03	1.892214976723662805e-03	1.918307044932117443e-03	1.714538346912584856e-03	1.880267532030404677e-03	1.839086729564688369e-03	2.071140121089974813e-03	2.703929791013373607e-03	2.564899844190932261e-03	3.626966098963319007e-03	3.812231870669462001e-03	2.541515697397927868e-03	3.166184542649017573e-03	3.072155505735977427e-03	3.040632479169760437e-03	4.378597757747714966e-03	4.054400302616500973e-03	4.009914942170079641e-03	3.166629349983992973e-03	4.145073151461673919e-03	5.003374926822035454e-03	3.972289974863971174e-03	2.338207876444834375e-03	4.408645542306216525e-03	3.384204151741475319e-03	2.980129151763837372e-03	4.936623737829280538e-03	1.034320619807956803e+02
1.425089888711219893e-03	2.089700975570360063e-03	2.005759238642615405e-03	1.542994569235699599e-03	2.224585813542848817e-03	1.885903040092329602e-03	1.671458157204653173e-03	2.575847039322397801e-03	2.015427617786609386e-03	1.931100156990201051e-03	1.803474493854010209e-03	1.932641541667896000e-03	1.980008290776328044e-03	2.080696076772691437e-03	1.681485950067150743e-03	1.979107601331282860e-03	1.870503398576227501e-03	2.146174271864594030e-03	2.693002822467171521e-03	3.266355764309319260e-03	3.725485802687515148e-03	4.175211634947883187e-03	3.211542584669689355e-03	3.335919405858551318e-03	3.354080476173639316e-03	3.517966402538005941e-03	4.442214598495136148e-03	3.937543638681468769e-03	5.028886619465224549e-03	3.384214773230549006e-03	4.416862245999015127e-03	5.263843984281341148e-03	4.767774051316160319e-03	2.547772804695883075e-03	4.452457143556085364e-03	3.224414247411777797e-03	3.408196798783397988e-03	5.472219318634983370e-03	9.031021000600691195e+01
1.477085793082489815e-03	1.779840662833963695e-03	2.070855280608319485e-03	1.480836376385457655e-03	2.143994148366203632e-03	1.836618716141317185e-03	1.674855678144400277e-03	2.387396697059931006e-03	1.818248761441022604e-03	1.977140500202602489e-03	1.852010271752072088e-03	1.804239693944148688e-03	1.986804249150374811e-03	1.996075574715101397e-03	1.775819441684594810e-03	1.921310299763087474e-03	1.963813981123505373e-03	2.016618263480147825e-03	2.500931150845949955e-03	2.905516853194023592e-03	3.872996171419959902e-03	3.498191333145859311e-03	2.840402194344037075e-03	3.211856693940324387e-03	3.090327233009879104e-03	2.975927951991729978e-03	4.225952194817746838e-03	3.977451210840917545e-03	4.621283208257232974e-03	2.835601299953893414e-03	4.395171510871610440e-03	4.894479474748799491e-03	4.227245625966876558e-03	2.596257915962256815e-03	4.470895151808514448e-03	2.740995449560713719e-03	2.984369960792898971e-03	5.934827470320086854e-03	9.950687487709971890e+01
1.492290620175425620e-03	1.926660379522317397e-03	2.128664682585271022e-03	1.510453783829484101e-03	2.049100629747639766e-03	1.667530223319082811e-03	1.692486728861839797e-03	2.561482942992816120e-03	1.658681181871604106e-03	1.984490280489144276e-03	1.785131953733918361e-03	1.820936718286375686e-03	1.997777004194207107e-03	2.048773116377529836e-03	1.669698255649701771e-03	1.932082752444346744e-03	1.890772932391192882e-03	2.265073089780288932e-03	3.029868425244172138e-03	2.550766403056921924e-03	3.823811885342246440e-03	3.365338161252085306e-03	2.824359738412777349e-03	3.369309863416372706e-03	3.093549582361418762e-03	2.548417921304587178e-03	4.341805059303221852e-03	4.300630246003674627e-03	4.270938725133677227e-03	3.161432344158427062e-03	3.925151137603227411e-03	4.685918073897217193e-03	4.458627997274094631e-03	2.505060150764284663e-03	4.196846396875468857e-03	3.301749803074990278e-03	2.913590926693895855e-03	4.674452092554147453e-03	1.018640032463177079e+02
1.485733179079885401e-03	1.797210608425306270e-03	1.838762748185421032e-03	1.635577681225572517e-03	2.034099698197120061e-03	1.727334756853555597e-03	1.611411926908438551e-03	2.403441466965856692e-03	1.731725408964683230e-03	2.012947841284297608e-03	1.685547539401504279e-03	1.742333375936709703e-03	1.974062266079210700e-03	1.995686628978329911e-03	1.598384489552867648e-03	1.923586479313029503e-03	1.817070604329339015e-03	2.045180608232922970e-03	2.962688001275070107e-03	2.438624689225609224e-03	3.624912940366020828e-03	3.853401156013220794e-03	2.488248070556173079e-03	3.228854165911785364e-03	2.878185520651103512e-03	2.827546550547532268e-03	3.798830790864089930e-03	3.793542982483398031e-03	4.074500341803532523e-03	2.983506434652914707e-03	3.217545657327119425e-03	4.520349291663437220e-03	4.074442253108835274e-03	2.387850476142162979e-03	4.185091989643886096e-03	3.200559261072866840e-03	2.527053895427371164e-03	4.203990984888588550e-03	1.136112387680625488e+02
1.450825918422451576e-03	1.755509888112527245e-03	2.031863495664663465e-03	1.586548738561505047e-03	2.027596754154435514e-03	1.733203664749651592e-03	1.688540773367667308e-03	2.288044976838055251e-03	1.591768856294502668e-03	2.175346277639152864e-03	1.798252026034820317e-03	1.778587091090086305e-03	1.991180381387125820e-03	1.908285708430645326e-03	1.607359113828861746e-03	1.640278381538920905e-03	1.924034904917236010e-03	2.338608763578995439e-03	2.571901972831679498e-03	2.416012103163421749e-03	3.586653076185410821e-03	3.583812269298640267e-03	2.548109073276730394e-03	3.245201206564918457e-03	3.120837407583843849e-03	2.723525909822967044e-03	3.899090832386575920e-03	3.915373274126719358e-03	3.896508290304422778e-03	3.067973498422949495e-03	3.423450131203431557e-03	4.754985900964490281e-03	3.978172239321047660e-03	2.213071166640373424e-03	4.412830302993902068e-03	2.866994065051875658e-03	2.644615320860864253e-03	5.026689917827332349e-03	1.091279009069825747e+02
1.507953634801171509e-03	1.785443432526128901e-03	1.995740841599528102e-03	1.584073057321631894e-03	2.042945854520441390e-03	1.679674643734847036e-03	1.635613711750108024e-03	2.433458807935435023e-03	1.742615151970292996e-03	1.971944107983792695e-03	1.774138752670595311e-03	1.797058837373319588e-03	1.997083356070596810e-03	2.007632301763260727e-03	1.671427473299317342e-03	1.814115439251874282e-03	1.835403867041040735e-03	2.186606593293673965e-03	2.841514017393802390e-03	2.462403856060048531e-03	3.819940046992969379e-03	3.491810868016028552e-03	2.499928908530325844e-03	3.149391921673857109e-03	2.925776491546219250e-03	3.047373085382069392e-03	3.891690127394775885e-03	3.878591372804892669e-03	4.582691577137646549e-03	3.022756346932443418e-03	3.657316450062218262e-03	4.552517811569299459e-03	4.144328588273961736e-03	2.566293730917077170e-03	3.893374163344783673e-03	3.305810778527732037e-03	2.642855300201403610e-03	4.766690369107567937e-03	1.066626958836034191e+02
1.525384045325409946e-03	2.004492338048822955e-03	1.747589533508886505e-03	1.731868516485528513e-03	2.057881580947445218e-03	1.802052734291336670e-03	1.536176231510267328e-03	2.469017671136817561e-03	1.881421932136563991e-03	1.933170870059872353e-03	1.770403340796963820e-03	1.851233591338428616e-03	2.167848134231583745e-03	2.112245717496795058e-03	1.509022704513677485e-03	1.949113935375070515e-03	1.833691727158733541e-03	2.158831333049307695e-03	2.816230498598566376e-03	2.703215950165236553e-03	3.672135089248160927e-03	3.808516323125113977e-03	2.457336721640327425e-03	3.519879968651589558e-03	3.226419668362045731e-03	3.146553562204854135e-03	4.288706687870930123e-03	3.796606084926757579e-03	4.384393674513993588e-03	3.542135595769000181e-03	4.664205489914767869e-03	4.858917095160798436e-03	4.348851508225446902e-03	2.436445707084393397e-03	4.289502006337471939e-03	3.439391282368775039e-03	3.003534190986703861e-03	4.871444373720631646e-03	9.753670783734324345e+01
1.494281902704345816e-03	1.897803521496871284e-03	2.107822782105862360e-03	1.534228209182813109e-03	1.968541181472165287e-03	1.797782508067218010e-03	1.685173738644826823e-03	2.575326957821388353e-03	1.669349633079829105e-03	2.145358265787675276e-03	1.737409161502988589e-03	1.776374592347309926e-03	2.218159423163445620e-03	1.891989865414373147e-03	1.580686283412920936e-03	1.895569374659181660e-03	2.125514230281883195e-03	2.145305862303570690e-03	2.675850432347869762e-03	3.014676613762728996e-03	3.658201677962001457e-03	3.264548189124187594e-03	2.839202666100113306e-03	3.405657064567405110e-03	3.160965868214747447e-03	3.191710242029489279e-03	3.500444168654850627e-03	4.281538823222925255e-03	4.347776466163969650e-03	2.906440690987661772e-03	3.853446139749389966e-03	4.194141904328823819e-03	4.549498837830425607e-03	2.282327993243395310e-03	4.589322883630813331e-03	3.113542351606202879e-03	2.854589446109882366e-03	4.980828658698938788e-03	1.028327118083086589e+02
1.509137068387059926e-03	1.914338597088947533e-03	1.939478999188133396e-03	1.546187772842417315e-03	1.945766877000029054e-03	1.818986704857993453e-03	1.718738823770415199e-03	2.429432561912366062e-03	1.654115524437499559e-03	2.068716568077373728e-03	1.764636413712996135e-03	2.026738672383923863e-03	1.837141510370916136e-03	2.040995297847259318e-03	1.605771846595626046e-03	1.751001275178385580e-03	1.827364133327642921e-03	2.074988941785345722e-03	2.813961396147740719e-03	2.642511418652526874e-03	3.696321217785252314e-03	3.713154525305050954e-03	2.359337164642437250e-03	3.558565843130250157e-03	2.731460257419737227e-03	2.879360547752955919e-03	4.140569777232970886e-03	4.137356652649127470e-03	4.365480620497469086e-03	3.371654367364636078e-03	3.566759942061592872e-03	5.242457008897078233e-03	4.436970883690286027e-03	2.417978449568708964e-03	4.162674575102455130e-03	3.005773268634622138e-03	2.109748655814102508e-03	5.158770768350978350e-03	1.053075495198679903e+02
1.521804461338163283e-03	1.818729522558464647e-03	1.966156110587802524e-03	1.655979412025447529e-03	2.054462666404827977e-03	1.725102746074559396e-03	1.753016726264409759e-03	2.226485399726247164e-03	1.787768715655241791e-03	2.051904646911070947e-03	1.725036100187127795e-03	1.817862603779018919e-03	1.858798965983312918e-03	1.996290641741468082e-03	1.714545251499055784e-03	1.882216797766458720e-03	1.729704293942391355e-03	2.167259056394522237e-03	3.062487395463895593e-03	2.474240788075359257e-03	3.845520575587743108e-03	3.758967742179404950e-03	2.820135543033612524e-03	3.297185056015848863e-03	2.938500270930210698e-03	2.816731635599197675e-03	3.923320067168810550e-03	3.953675594273051153e-03	4.205459608002796480e-03	3.296755614033847377e-03	3.692615717461975901e-03	4.610353083825810203e-03	4.263469287179877734e-03	2.059485722201062630e-03	4.202245750061396959e-03	3.079926866061530408e-03	2.722398030928872316e-03	4.618366211439774160e-03	1.040785093689144674e+02
1.436691877505210562e-03	1.917757618345081270e-03	2.116560075267850081e-03	1.388518095413379932e-03	2.112085378347266802e-03	1.583427536018446307e-03	1.653818133214115344e-03	2.735608238733183012e-03	1.670977329698333227e-03	1.972319461071631551e-03	1.758864546917829775e-03	1.858037428188744327e-03	1.880066447349806186e-03	2.014484000440614105e-03	1.684478089825303983e-03	1.787715288784143351e-03	1.820136780118856643e-03	1.963097136566708048e-03	3.229307451539256343e-03	2.742398966356189571e-03	3.674882317846975277e-03	3.243324501135613595e-03	3.181440525597724854e-03	2.989340311188762311e-03	3.239378289032638757e-03	2.875070150849960531e-03	3.556924743104860568e-03	3.731954761281249845e-03	4.130665313352068629e-03	2.877922893509466708e-03	3.632021776058149201e-03	4.738469538130619420e-03	4.481152230588477531e-03	2.479596314447193688e-03	4.111620431889159710e-03	3.139728146699262597e-03	2.874146719287181198e-03	3.765721835297421161e-03	1.075211942064661486e+02
1.504405275538395811e-03	1.743643241294741148e-03	2.068600788201309208e-03	1.614634483102773705e-03	1.901439755458402643e-03	1.747459112803213853e-03	1.652205404595121852e-03	2.581732653240974978e-03	1.764235905155111736e-03	2.114803443622117508e-03	1.713859143130249708e-03	1.767266866121419786e-03	2.123166385737558330e-03	1.936866024404057095e-03	1.672249614297106456e-03	2.027506319279072031e-03	1.748289929408372188e-03	2.218221206155250244e-03	3.010336971693481495e-03	2.737621615524859359e-03	3.986152712164051440e-03	3.608599516748282714e-03	2.401561553760286731e-03	3.275159218422096091e-03	3.084067716010213157e-03	2.993175480897750703e-03	4.010997921672248591e-03	3.918923989978004459e-03	4.456410244998489437e-03	3.123350249428201615e-03	4.060033245723834727e-03	4.466583108717166878e-03	4.163067267378625647e-03	2.582564183669700409e-03	3.657900916703375055e-03	3.572300566855974094e-03	2.535390117934327014e-03	4.633453239366270779e-03	1.058630619158432751e+02
1.420061487358866177e-03	1.997418796070364946e-03	1.877688759855123887e-03	1.473156253956912345e-03	1.915238283355670187e-03	1.830207885295961033e-03	1.806252443787022700e-03	2.361092693201379510e-03	1.847621239175343188e-03	1.907322828748659899e-03	1.796828969075482067e-03	1.719420295771867217e-03	2.142136678961250283e-03	1.830777593149962752e-03	1.666946608809877391e-03	2.023358956252977250e-03	1.707326429496103942e-03	2.204694261106749167e-03	2.910104047934040580e-03	2.531057773204786407e-03	3.457786516982675872e-03	3.668258488022718353e-03	2.856893277607168262e-03	3.101967761269953938e-03	2.867566903210830992e-03	2.883382345274042736e-03	4.188909394049602185e-03	3.535427377785200533e-03	4.160736744836089455e-03	3.103901544117260852e-03	4.350821574479106155e-03	4.556568291204156698e-03	4.452117619365927696e-03	2.351194998489212346e-03	4.040637452047309008e-03	3.389683238774482930e-03	2.623309457365675598e-03	4.596262074226810726e-03	1.058436992125628109e+02
1.494434919132642606e-03	1.748927284729777029e-03	1.981161683598618196e-03	1.495695242009449817e-03	2.033963542919910161e-03	1.877617124300367786e-03	1.703991445065297303e-03	2.314306659284389583e-03	1.740683307341291119e-03	2.098034977083038967e-03	1.816545190314705540e-03	1.804158834562095146e-03	1.727745371507011934e-03	2.044500652674378395e-03	1.710416109192060535e-03	1.798939221654476724e-03	1.796770053376466926e-03	2.192632552627623264e-03	2.846470705503470998e-03	2.861440629015398612e-03	3.766699861086905427e-03	3.837302912403961312e-03	2.504953381472648909e-03	3.034235521486143040e-03	2.946329238335482128e-03	3.073191423125968581e-03	4.442839282352243659e-03	4.256189090316716411e-03	3.993476212796151503e-03	2.841186842384185729e-03	3.609900647545268362e-03	4.438549625278332550e-03	4.223922292699869296e-03	2.470416624968582546e-03	3.589209000169537884e-03	3.524920020259137646e-03	2.598296987700605271e-03	4.741098831266532185e-03	1.055760922021358112e+02
1.590507010272997415e-03	1.839048963548536777e-03	1.940721702668730128e-03	1.621293284536768275e-03	2.053709721071543103e-03	1.714135730281995344e-03	1.657634408805134119e-03	2.486716928226970907e-03	1.962757234485356349e-03	1.978600020160505707e-03	1.738188595248120862e-03	1.888588591001486971e-03	2.029172598492424984e-03	1.765317039028585239e-03	1.707478862389178202e-03	1.882245630686423931e-03	1.892217851022938175e-03	2.093597851320149784e-03	2.714950741890933932e-03	2.577315411796070495e-03	3.925985672546705718e-03	3.835132835337668605e-03	2.776899867084529818e-03	3.164021598571085427e-03	3.264530172735703208e-03	2.893443826526152091e-03	3.902246665627744169e-03	3.847058021257864380e-03	3.967974959107193819e-03	3.459870643603824621e-03	4.023226153693311088e-03	5.127856480747155707e-03	4.541678590221242054e-03	2.296345322180575171e-03	4.109362045421224158e-03	3.189825852505994916e-03	3.017514165726106236e-03	4.815862257080055775e-03	1.026741085468087533e+02
1.476122434606482597e-03	1.924090292352489701e-03	1.848749740264022615e-03	1.624218022202164775e-03	1.968336008974473292e-03	1.878262214885346830e-03	1.466169053547101454e-03	2.592472072698250810e-03	1.779809031987817595e-03	2.225417820375383444e-03	1.730182827253351572e-03	1.770294943276624509e-03	2.429596391154090901e-03	1.970180165769428761e-03	1.523246877902747695e-03	1.792987030348531206e-03	1.933924052738152230e-03	2.045661052547882545e-03	2.929869432163297645e-03	2.892669481490418339e-03	3.709337462256080253e-03	3.981471956649117010e-03	2.551945144068329223e-03	3.197514146481526820e-03	2.854901855426136142e-03	3.137059924789734142e-03	3.830061950828867953e-03	4.330826421339048146e-03	4.071153990974745937e-03	3.490992681853067117e-03	4.013783562403932387e-03	3.992430973145921422e-03	4.561009843792636007e-03	2.251409287794183239e-03	3.616446727134124770e-03	3.122832232725389606e-03	2.899259384206751868e-03	4.592377252925589244e-03	1.065427875173533607e+02
1.513957750263917202e-03	1.801538509372392020e-03	2.100804113745234104e-03	1.524465264052403228e-03	2.012400382338343403e-03	1.896800466049489500e-03	1.604274140805447314e-03	2.583784682554463464e-03	1.870217176834478674e-03	1.906973824188346652e-03	1.701852327572983721e-03	1.846139011095365625e-03	2.051826220677298567e-03	2.011864845133130505e-03	1.558898546683080717e-03	1.896075977968316676e-03	1.871221221646927760e-03	2.164804676894540626e-03	2.790815322713164660e-03	2.613357383737615648e-03	3.785742193476509480e-03	3.615666303862034511e-03	2.582467527050902670e-03	3.460264351533281872e-03	2.895876540793673216e-03	3.271724336598907761e-03	3.511233181979508608e-03	4.020543163114745355e-03	4.842439624070566523e-03	3.428451096188792069e-03	3.634096339673512262e-03	4.906963478916214275e-03	4.409480531848034707e-03	2.506001626101839533e-03	4.326116451535385113e-03	3.229305892541546770e-03	2.904848686016580153e-03	5.046692191934841476e-03	1.012464445622302094e+02
1.444974076482066251e-03	1.893912529008755837e-03	1.829627259195114059e-03	1.673209441888594013e-03	1.953251022973494233e-03	1.776473443289959629e-03	1.628074084551836423e-03	2.549652657056858049e-03	1.778770363991702711e-03	2.169773114659030375e-03	1.704690806643405308e-03	1.740835542981274998e-03	1.967952307797842578e-03	1.903604429883601085e-03	1.691333916878883306e-03	1.974589891624629716e-03	1.864818868712656355e-03	2.224977509722567484e-03	2.781459294791724900e-03	2.893536673254341537e-03	3.894543532116297516e-03	3.730235737532493993e-03	2.615620721673344706e-03	3.496854870555191064e-03	2.612553631228859211e-03	2.844192878252875534e-03	3.903015522468712955e-03	3.593784675967224944e-03	4.185354210000583400e-03	3.134122807207141009e-03	4.050759952931253134e-03	4.610147466991976542e-03	4.617510365409110973e-03	2.164230229953802154e-03	4.126461339610368144e-03	3.603475287507132765e-03	2.425770360894329014e-03	4.517599593476459563e-03	1.049024614340969492e+02
1.506341069116285195e-03	1.907968201363313080e-03	1.842616655749237725e-03	1.637986124228354729e-03	1.978638481200639676e-03	1.777379910275168548e-03	1.653483666849952073e-03	2.396926539848945673e-03	1.759217648131169813e-03	1.919826618693995035e-03	1.846853853700823004e-03	1.831478952756447186e-03	1.795210074578854585e-03	2.078312822668010665e-03	1.609037315524376819e-03	1.860980664091402888e-03	1.959380774695792908e-03	2.214674273404364929e-03	2.867134363151409467e-03	2.443902449777058446e-03	3.747403211482615119e-03	3.753395569870911393e-03	2.749753648170575552e-03	3.340231301820116572e-03	3.078895346049166648e-03	2.981830183436703745e-03	4.069601984184147321e-03	3.958349728222374658e-03	3.754330035785726112e-03	3.040781018344805055e-03	3.859913621282180622e-03	4.795485113153409758e-03	4.087315809049659951e-03	2.355599109399314148e-03	4.237197136327159469e-03	3.324300079097998635e-03	2.789027872850598569e-03	4.843723877532867851e-03	1.050919814338910641e+02
1.471385534738326286e-03	1.865697738671374863e-03	1.895076531977397342e-03	1.634674394251343834e-03	1.959552519912411556e-03	1.785234244220567940e-03	1.629647590385690549e-03	2.461024114176806922e-03	1.775292028050807266e-03	2.090751090348781909e-03	1.712387630026904022e-03	1.831150326729619193e-03	1.849730416964248886e-03	1.880285990602030945e-03	1.603777695417989493e-03	1.955515622825422864e-03	1.878947821213146482e-03	2.174409975039238996e-03	2.690750730000707885e-03	2.416734113023208223e-03	3.652920844809603822e-03	3.843549273402024468e-03	2.537110587348121934e-03	3.199338887663828214e-03	3.042624076449700586e-03	3.214828542972970708e-03	3.956698953356770944e-03	4.109485467483929566e-03	4.225910335080127964e-03	3.063594192887282314e-03	3.674866939088979913e-03	5.053504496761433533e-03	4.137641233205669247e-03	2.281504983192324601e-03	3.937172203023151310e-03	3.438282284071627302e-03	2.529590215139764040e-03	4.608023770365432190e-03	1.084560755070953064e+02
1.494123378814328409e-03	1.828130354441665981e-03	1.923503166391699699e-03	1.588073616052662618e-03	1.937168287397322700e-03	1.696358254776050107e-03	1.685105898279136948e-03	2.421967446430793938e-03	1.654404115651675680e-03	2.039393554832041877e-03	1.734622958657533898e-03	1.738732203419364897e-03	1.999484287254831190e-03	2.005187937353647247e-03	1.634601536431592138e-03	1.868750201236229688e-03	1.930457495221528721e-03	2.120885076290465569e-03	2.720060012308116171e-03	2.845116513645375329e-03	3.692429637135267832e-03	3.805336410565527197e-03	2.458020708697148705e-03	3.110039515017445130e-03	2.871819254533660489e-03	2.795621772552848820e-03	3.878689557358496430e-03	3.992541172291920806e-03	4.235457306728940621e-03	2.913446348490938455e-03	4.054778951395904968e-03	4.961006738232787844e-03	4.010251931674130473e-03	2.303114590675233320e-03	4.323816327580177685e-03	3.172049389241628214e-03	2.820591306767861010e-03	4.449009942233057499e-03	1.059108162939523936e+02
1.496378937233267155e-03	1.770411513063707568e-03	2.044837089578348949e-03	1.662387842334596150e-03	1.982876022012369961e-03	1.633571766609154740e-03	1.522134814817093212e-03	2.527506712845534881e-03	1.795662543269081583e-03	2.039789136427616785e-03	1.749030222128549654e-03	1.928373830344395391e-03	1.888566153122319454e-03	1.879553318063705751e-03	1.594182219519323703e-03	1.794777862463494723e-03	1.863052895970773075e-03	2.287806565881676888e-03	2.863152865915772130e-03	2.690069868691363861e-03	3.732192790569119345e-03	3.157262550198239922e-03	2.346970857593177334e-03	3.391924654933712452e-03	3.385624612237440705e-03	3.083594191620056893e-03	3.932244923872313391e-03	3.972070966268656522e-03	3.922531404326164498e-03	3.404482161954832699e-03	3.275514775730126171e-03	4.413323626023301152e-03	4.195441900914998259e-03	2.085830273328169015e-03	4.306245519777022850e-03	3.129320420705171760e-03	2.899692438594732736e-03	4.229335065030526836e-03	1.110916548779234461e+02
1.521064927669059331e-03	1.909614712670273072e-03	1.886827094438737204e-03	1.652867480067663278e-03	1.997281893200179674e-03	1.804076331068837219e-03	1.541759893870511215e-03	2.544884573049168743e-03	1.808759827587439178e-03	2.047766202686238362e-03	1.640884016953564860e-03	1.868686413805970220e-03	1.766188542601086590e-03	1.837964624603237711e-03	1.694753493785028289e-03	1.871058710475319515e-03	1.816460344874508501e-03	2.259843535093179062e-03	2.743787833937324713e-03	2.840837392337864590e-03	3.533447119957865579e-03	3.913705380461839078e-03	2.710190992258467574e-03	3.511421827070948000e-03	2.740754068297924801e-03	3.185048938026429320e-03	3.744837226821511652e-03	3.890555825357181873e-03	4.532014872422040000e-03	2.791340532735431083e-03	3.632058180332201069e-03	4.941245793367147511e-03	4.021796193632797521e-03	2.439429959903035867e-03	3.998350715541934206e-03	3.218188484961036905e-03	2.583362010035505484e-03	4.935230122373414005e-03	1.053681331755210095e+02
1.513903179120210454e-03	1.745129396897172024e-03	1.913002253251762678e-03	1.583861297773559058e-03	2.131495705079890918e-03	1.806401524807843464e-03	1.628098859402972529e-03	2.506856447841675217e-03	1.712471827552583883e-03	1.996774941766549065e-03	1.763167579975603080e-03	1.672634179922903933e-03	1.960215346911952684e-03	1.941586691884940319e-03	1.714759246868202691e-03	1.660276061255928307e-03	1.797160951885394846e-03	2.230121337393040429e-03	2.682244118176232116e-03	2.529643367962827998e-03	3.545555929784180785e-03	3.565474578841846751e-03	2.543962132075842323e-03	3.207618996212796038e-03	2.933509151144235091e-03	3.198207131892241706e-03	3.660668302580188070e-03	4.447494542146523608e-03	4.126599831440057320e-03	3.221298335198944599e-03	3.994999248697042073e-03	4.448853194267223844e-03	4.034804187466437680e-03	2.301825678617915732e-03	3.970955011242816544e-03	2.907684576131591009e-03	2.870240411349366926e-03	4.738260829652023512e-03	1.062296993656811850e+02
1.496470739133289474e-03	1.890466342570508787e-03	1.938573690435161159e-03	1.647360553551805145e-03	1.950702579732720284e-03	1.756556644772487834e-03	1.686544588713558479e-03	2.334779543702196047e-03	1.724637845071854726e-03	2.086929197722227868e-03	1.711744128882568532e-03	1.819749146336336557e-03	2.047489501339710624e-03	1.885120299773002973e-03	1.819781819863177698e-03	1.680887512501389467e-03	1.915753130220759163e-03	2.084545058604422244e-03	2.862704862756113716e-03	2.592021063726791981e-03	3.538855752353031476e-03	3.707782067500406918e-03	2.703350536737451557e-03	3.462418973213768347e-03	2.808996770228291973e-03	2.952087730711653885e-03	4.048307682059354429e-03	3.811880464510811022e-03	4.068603370296361779e-03	3.181744051807389347e-03	3.924443328301755254e-03	4.594351964361201995e-03	4.370974105247475358e-03	1.919727815503799884e-03	4.525385694027337161e-03	3.019175373634414884e-03	2.937962238131553230e-03	4.854785625309162439e-03	1.069158647349260605e+02
1.497996336814814890e-03	1.895223392949638673e-03	1.913780448648343211e-03	1.585160243712491548e-03	2.113966534734758318e-03	1.717995838563759169e-03	1.614364606018520382e-03	2.483479015942825427e-03	1.685165493239780803e-03	2.030786456397485479e-03	1.812514532025264434e-03	1.739758671097134998e-03	1.950425200292456003e-03	1.954019470446503350e-03	1.705269287833458382e-03	1.933433743972937536e-03	1.945357584305685422e-03	2.248919806529372199e-03	2.733570197877872344e-03	2.706332719463844065e-03	3.849578930128944986e-03	4.036283858913153159e-03	2.162438543359199248e-03	3.270554427383685469e-03	3.118805957309024254e-03	2.870228988297315788e-03	3.979615984147711824e-03	4.287821247189348671e-03	4.375441741031141710e-03	3.141094326977549294e-03	3.684919645275412138e-03	4.705073415710346076e-03	4.258923244041631917e-03	2.567738690569630090e-03	4.165738970872262352e-03	3.033776315748781902e-03	3.033749954202757254e-03	5.294850050710092626e-03	1.019624991011267241e+02
1.503262432151474329e-03	1.924460942178705513e-03	1.797692005101675632e-03	1.586638135442775942e-03	1.972605627109404441e-03	1.843778070429244378e-03	1.590477916691060162e-03	2.600809578292332357e-03	1.641976593998924986e-03	2.263387387323499179e-03	1.644359054101012917e-03	1.751650959642159569e-03	1.888203641670926219e-03	1.925984432753719954e-03	1.622006944956780848e-03	1.780256419242672722e-03	1.827219091807792423e-03	2.158754189696211571e-03	2.972815659596614053e-03	2.471883161607540090e-03	3.645007214670189198e-03	3.893434260847730005e-03	2.428384287701794691e-03	3.424790192833696532e-03	2.682968030246162764e-03	3.299557732250093731e-03	3.559100777229885857e-03	3.880498925247562181e-03	3.631704488169359025e-03	3.263072961635128406e-03	3.838492991116934823e-03	5.335282239042403278e-03	4.339821150859245885e-03	1.969328397159085357e-03	4.343272400995787375e-03	2.908078466066695358e-03	2.786773649615475329e-03	4.011282903812890543e-03	1.101853300890813188e+02
1.508335555073715695e-03	1.911468291138503431e-03	1.875056568678766349e-03	1.664723509405057963e-03	1.979078626754685044e-03	1.685526157032491736e-03	1.710422386699627251e-03	2.327307462009420985e-03	1.687325957493039218e-03	2.159452390432547476e-03	1.643701890702491380e-03	1.850123001556343771e-03	1.925258415652495499e-03	1.905423513414545092e-03	1.653895778846576920e-03	1.830412880942472627e-03	1.911282422408703326e-03	2.078293395650405821e-03	2.937923549149297486e-03	2.699387373444702819e-03	3.639175607958663149e-03	4.182264345218057039e-03	2.514814852265595969e-03	3.344111212532145834e-03	2.808407090088380943e-03	2.905702956280863114e-03	3.840618234556257733e-03	3.952756855510506165e-03	3.922749157586951849e-03	3.248045081903722271e-03	3.905102494905033327e-03	4.508073324210829652e-03	4.632986782331850739e-03	2.565838341528372396e-03	3.977618241376260598e-03	3.048053703993549007e-03	2.728911976330883858e-03	4.344019894011374658e-03	1.094777810276224130e+02
1.476108846720544654e-03	1.869200817404906463e-03	2.092307420101726257e-03	1.618891867206175700e-03	1.984515443332462818e-03	1.811052669798862268e-03	1.658441951055007833e-03	2.408116676387196328e-03	1.740448549494235612e-03	2.164674010140611553e-03	1.738275952894592288e-03	1.835435238726567438e-03	1.993789807436761700e-03	2.048735059996429578e-03	1.596262664225574484e-03	1.917779153856492315e-03	1.881340679507995887e-03	2.135909827734695093e-03	2.691642955340181696e-03	2.776397406060318943e-03	3.703217204239252214e-03	3.911681979312130707e-03	2.641304529916772489e-03	3.661413018307717836e-03	2.840541456961411231e-03	2.858214404531758332e-03	4.162804089110487202e-03	3.850058840910812290e-03	4.312801662425015670e-03	3.167710901112277475e-03	3.706247198785169502e-03	5.336119444453318178e-03	4.338613556680506224e-03	2.432846703860111481e-03	4.172625932217599240e-03	3.275065038485536553e-03	3.092585159317977773e-03	4.617560190873793921e-03	1.014074662204631778e+02
1.541718768897599534e-03	1.884842234998870261e-03	2.087095752371382826e-03	1.525491707370673234e-03	2.079147651515456541e-03	1.792515595046543456e-03	1.748064638615587189e-03	2.315552094950994785e-03	1.682469345131877092e-03	2.023099351276166566e-03	1.804644481418058409e-03	1.846236570556058360e-03	1.892165676881896793e-03	1.916665233058694427e-03	1.719479512629260541e-03	1.874275389829528583e-03	1.889991513226740340e-03	2.312813187630140960e-03	2.937570851270926604e-03	2.853484611287302776e-03	3.764223601370899827e-03	3.581699286251253857e-03	2.808291097426806292e-03	3.257041204566463611e-03	2.989605757716217241e-03	2.887389734509576179e-03	4.315771656480713037e-03	4.059247494928251362e-03	4.433325796638364763e-03	3.055844683032460721e-03	3.479592588426113058e-03	4.954236658929814241e-03	4.267099572020954801e-03	2.702064030297799541e-03	4.169863072891140388e-03	3.462290239810180206e-03	2.894420703180926660e-03	4.943693412664126700e-03	1.007376916393267550e+02
1.456549408947476268e-03	1.809375180674409681e-03	2.028505624120346441e-03	1.500056076908441033e-03	2.064692700839126233e-03	1.754252290471182895e-03	1.682392085905020512e-03	2.434220552099197916e-03	1.626787514094646392e-03	2.125368655334179593e-03	1.802381258488003173e-03	1.813362567881397509e-03	1.969966644092149485e-03	1.973728630816289509e-03	1.579939436175229438e-03	1.855165931936901980e-03	1.968342750830838137e-03	2.100034874992811901e-03	2.507125343945172495e-03	2.685665402462817687e-03	3.978649377488853445e-03	3.640077638041205182e-03	2.914792774551623611e-03	3.230152882117286791e-03	3.025108221274503371e-03	3.065846598372918598e-03	4.061404985437307505e-03	4.164658033739949972e-03	4.126128507300357712e-03	3.255404010816843018e-03	3.811824114363632394e-03	4.663785011653624399e-03	4.402804520845274641e-03	2.324686668444007030e-03	4.014783520326897087e-03	3.038481867418300376e-03	2.976449956376602413e-03	5.009633613259671658e-03	1.063206329490476776e+02
1.432518856218394174e-03	1.897317563259793768e-03	1.837019750318654061e-03	1.589035327698498038e-03	2.035378365064071868e-03	1.769963543804378963e-03	1.616781142387382344e-03	2.516457985992939794e-03	1.726720935858639012e-03	2.029110273973624805e-03	1.775051654965015963e-03	1.764467663187665406e-03	1.965157691928446325e-03	1.914575736607879684e-03	1.665761353402316070e-03	1.849180897941362072e-03	1.932999696832828768e-03	2.165741796268533421e-03	2.696492789195901324e-03	2.370048187610461488e-03	3.578043405152745923e-03	3.969363516052135110e-03	3.082814483614393017e-03	3.148740874150368976e-03	2.824374647908315696e-03	3.182537864930151845e-03	3.846483516870737550e-03	3.763396389906086166e-03	3.880673506315022309e-03	3.226002975465943213e-03	3.600918614509180781e-03	4.336608118743151205e-03	4.485124484314076745e-03	2.487123457481075963e-03	4.470478835040137683e-03	2.792507113044040336e-03	2.773416493163682970e-03	4.651672653658471025e-03	1.062283708064463781e+02
1.478702988738271086e-03	1.796241034335055269e-03	2.076907457720060871e-03	1.635783275471587410e-03	2.025886282536542952e-03	1.711179095789076929e-03	1.634888094037422086e-03	2.442153950271379673e-03	1.838862949962810373e-03	2.059451812923654944e-03	1.784542620103038869e-03	1.834743918558257676e-03	2.020313557731198174e-03	1.927415744594413501e-03	1.653050869508541649e-03	1.762653732634174124e-03	1.999889442391625857e-03	2.026545665871929899e-03	3.000373202065606190e-03	2.766360033362287585e-03	3.810706099046815530e-03	3.685186774910591441e-03	2.666743569046468865e-03	3.269893201508411798e-03	3.137338637868701367e-03	2.676485761990573219e-03	3.988657848656542229e-03	3.891809672800079084e-03	4.640601549542619150e-03	3.113591625933430276e-03	3.939473673928347783e-03	4.843855325616175725e-03	4.412980724059347576e-03	2.186884356698892695e-03	4.195192358707178909e-03	3.156980106489285474e-03	3.087980802877988637e-03	4.404701644769304369e-03	1.037371249278117773e+02
1.588573832919173111e-03	1.855971912697914738e-03	1.932751248545936783e-03	1.526048525829410297e-03	1.991857742552359100e-03	1.828681538975212954e-03	1.724345511011437550e-03	2.379879096761094472e-03	1.858460088158451172e-03	2.004422725020050134e-03	1.728082730625493408e-03	1.802509957133656285e-03	1.933502601205057229e-03	1.896625353331567437e-03	1.672029352986287125e-03	1.911939470134615352e-03	1.962943659517694776e-03	2.136987526386204504e-03	2.997764509178669264e-03	2.915148429861004649e-03	3.716559133355216982e-03	3.830727805798693746e-03	2.792233773405688319e-03	3.348875397945804636e-03	2.809977929929356136e-03	2.867594731736123302e-03	4.356501159407361046e-03	3.959730317239146258e-03	4.072108758373197204e-03	3.211054021197760639e-03	3.892490589192784591e-03	4.417968045475050357e-03	4.561861964516022126e-03	2.412194870113802507e-03	3.893590158553991709e-03	3.144012356988602590e-03	2.696292166999191692e-03	4.673305534796176955e-03	1.032746010965831260e+02
1.466037013232240069e-03	1.845460161929481264e-03	2.022891791250226549e-03	1.486326818453388666e-03	2.187495425470128985e-03	1.770111010242076711e-03	1.652522813501188740e-03	2.365183674816258297e-03	1.803775788413846878e-03	1.926646858849946631e-03	1.778368494088689022e-03	1.814153018369661034e-03	1.965492875019423345e-03	1.935328836869913693e-03	1.651707743527215146e-03	2.178359408103550457e-03	1.758411878270735307e-03	2.117260811858471224e-03	2.762155702812645833e-03	2.427901026338846573e-03	3.824954112598961172e-03	3.758399443246713580e-03	2.711101443361334240e-03	3.089552358094107068e-03	3.144563292029206331e-03	2.927987949189372885e-03	4.001885421281005904e-03	3.630135023347497158e-03	3.936537361814162334e-03	3.345987687145092482e-03	3.600896820180870834e-03	4.657654155187984646e-03	4.637524465786178364e-03	2.592372910451606373e-03	4.235011011799250276e-03	3.157928715356335750e-03	2.980105937834763227e-03	4.980749645247289220e-03	1.036383501536554377e+02
1.326484777478130440e-03	1.653093546079859727e-03	1.858739933103542227e-03	1.570024142031218976e-03	1.959152138074644629e-03	1.648495491679871118e-03	1.488081767068038901e-03	2.682746078447663038e-03	1.622315004008033964e-03	1.874325842497617280e-03	1.703077557517965711e-03	1.592136801953530998e-03	1.744619792915627025e-03	1.869677543921100145e-03	1.595386252206543046e-03	1.834415451665786199e-03	1.922074513021006063e-03	2.086846653466166868e-03	2.564084943451346889e-03	2.562673692594988860e-03	3.678782237448076191e-03	3.282230059591766981e-03	2.330203438453681223e-03	2.950252097974567257e-03	2.613200958869852861e-03	2.349126878860369021e-03	3.072135294761785436e-03	3.798460478376361991e-03	4.163356580465373685e-03	2.780195978041067901e-03	3.688245953050194037e-03	4.181170754305979335e-03	4.031631822881838988e-03	1.938883265723884272e-03	3.456189731880755355e-03	2.826018141516559341e-03	2.598292058420244646e-03	3.879533803165458733e-03	1.284775972865317044e+02
1.452709917160615195e-03	1.896885466764818267e-03	2.163526931604982211e-03	1.454361527444258994e-03	1.994363858966512800e-03	1.798604816308945441e-03	1.643717482211911728e-03	2.458769973702094186e-03	1.757354489196664114e-03	1.983728413921278903e-03	1.853957405953365802e-03	1.747675881409854574e-03	2.033954698487171024e-03	1.880971249680802888e-03	1.602583356525971595e-03	2.103142393047491374e-03	1.865163704601426444e-03	2.203467800355898062e-03	2.495254821448612825e-03	2.646961348887238302e-03	3.765441992168066035e-03	3.181121370334639986e-03	2.777264977622082888e-03	3.327641517618580048e-03	2.884983914132141763e-03	2.938053643278855896e-03	4.154483677673044897e-03	3.644406838963476156e-03	4.248143364347813436e-03	3.188661272911663506e-03	3.909973591048382727e-03	4.832479543445472418e-03	4.461199921627224084e-03	2.122948256241913474e-03	3.598632609861356340e-03	3.218280155838186551e-03	2.797362130338212731e-03	4.898362732850622056e-03	1.067535997159668852e+02
1.524770365769045205e-03	2.054038715933307214e-03	2.008062938909803766e-03	1.535676464213137690e-03	1.994715306149762862e-03	1.751285588879909457e-03	1.782719963849534140e-03	2.556726393697136140e-03	1.814203929623394015e-03	2.163099820241024332e-03	1.707504162059195153e-03	1.892906892367129815e-03	1.995976410125290500e-03	1.997387910738956246e-03	1.663199323649743044e-03	1.919848081749377057e-03	1.870188803127764438e-03	2.025400440146493154e-03	3.108551185501254310e-03	2.763668582559232131e-03	3.579719273308812517e-03	3.801129995962217092e-03	3.054169568295987333e-03	3.326792105539274659e-03	3.240710122480130150e-03	3.122687418295211261e-03	3.932520631780935839e-03	3.881225276404920085e-03	4.260121079986307902e-03	3.638129166170659193e-03	3.744802352065674557e-03	5.016107508854773106e-03	4.676702649828579431e-03	2.378543805816176263e-03	4.765606421661026763e-03	3.272987134262493689e-03	3.065394581617232606e-03	4.592496494200295001e-03	1.004501883777745235e+02
1.474594594801223110e-03	1.761253914987967722e-03	2.016817681946548018e-03	1.536083822308870672e-03	2.088000167932322574e-03	1.782883691666696004e-03	1.663287152870304795e-03	2.377885288167152621e-03	1.810013024505853583e-03	2.160465869292589602e-03	1.780736195885273924e-03	1.655088786754037658e-03	1.881563016958420938e-03	1.999608906015116604e-03	1.693379454518242552e-03	1.792122078043967282e-03	1.727406247825878649e-03	2.189394086809902905e-03	2.788238133230189209e-03	2.796477901017381702e-03	3.852468909374227347e-03	3.624940874161333270e-03	2.465027759613637459e-03	3.283959284277297372e-03	2.978064476885437274e-03	3.071072765179166768e-03	4.063312924947772367e-03	3.917076469337530883e-03	3.625276607181425123e-03	3.209085644623762765e-03	4.290481012858889803e-03	4.881502640380393915e-03	3.940229004153399800e-03	2.340689503362476664e-03	4.046935031331553440e-03	3.414408721157113046e-03	2.899846804431168573e-03	4.650521185438984823e-03	1.060674759496573785e+02
1.540633847651786022e-03	1.848195347704939453e-03	2.059578610957492339e-03	1.534490508460113756e-03	2.124468758136725290e-03	1.681534051416890213e-03	1.699102360249710566e-03	2.527678262624868250e-03	1.660345727021599743e-03	1.905314417152471386e-03	1.777000787923001084e-03	2.037233426841773137e-03	1.912206219381143088e-03	2.015216889405516045e-03	1.582561351062944030e-03	1.902086230266118120e-03	1.887926050543625549e-03	2.069901715107980503e-03	2.768275702845467319e-03	2.676387800895160644e-03	3.825578382631563204e-03	3.584068444775164765e-03	2.670376994599993857e-03	3.243097665679803288e-03	2.867626421426984311e-03	3.062045146703564445e-03	3.605189916483589503e-03	4.454577112424156285e-03	4.118693523468552886e-03	3.272413880240057117e-03	3.670011199892991415e-03	5.217528537315080372e-03	4.117265968649903504e-03	2.639004209346705251e-03	4.128431311534477149e-03	3.071753979324904574e-03	2.935193762621171078e-03	4.709179434468170611e-03	1.044059905843008096e+02
1.565876745193213893e-03	1.843487016048643958e-03	1.919747408546183289e-03	1.593546821417165995e-03	2.099116888950819902e-03	1.740122287455370467e-03	1.633359173311770777e-03	2.332166898247527674e-03	1.734908664676271337e-03	1.954995426733826397e-03	1.873732872491605137e-03	1.805246881546091050e-03	2.064678686780595414e-03	2.032200193059515055e-03	1.677149135681204294e-03	1.945602715086984687e-03	1.955262515997180026e-03	2.118571912499717796e-03	2.872692857750468350e-03	2.678790361592255174e-03	3.753944412819253552e-03	3.763398576502884757e-03	2.354832759603604688e-03	3.590067021896388086e-03	3.016404939659137266e-03	2.778411708703873960e-03	4.132100757823602144e-03	3.364815755824840382e-03	4.535672917146163843e-03	3.190272082930075206e-03	4.214588271690217214e-03	4.827542206946349584e-03	4.481117669684413565e-03	2.508363835566086372e-03	4.283211123884472435e-03	3.126022195900955182e-03	2.611203955432610073e-03	4.700647013463951814e-03	1.030910702258470764e+02
1.497213994394927137e-03	1.945786416282983475e-03	1.705372425206954853e-03	1.576662580750995846e-03	1.846701345127351682e-03	1.720914950930042646e-03	1.721463517859516887e-03	2.323833818871935512e-03	1.852140910868765129e-03	2.140206802257343423e-03	1.600126242126540064e-03	1.796342444859286812e-03	2.014579652583164439e-03	1.894621219976124968e-03	1.741945112138228776e-03	1.930683618255182605e-03	1.880704047492337723e-03	2.267215650546342866e-03	2.710597570969601813e-03	2.614728549346147755e-03	3.117072821374711547e-03	2.911312589046242440e-03	2.481316082960360273e-03	3.407747572991297672e-03	2.810732255781837798e-03	2.974894343040407341e-03	3.965318416944112710e-03	3.654416972045513266e-03	4.017844528935004753e-03	3.257077143553916733e-03	3.776611429708622882e-03	4.742189708687919066e-03	4.289154658914936386e-03	2.293216403383986635e-03	3.875411955230918717e-03	3.019137957156457254e-03	2.499832496193249692e-03	5.066927300740608348e-03	1.090864258613583218e+02
1.457592727258337495e-03	1.869461477865391134e-03	1.891044115173737012e-03	1.663155874034088957e-03	2.023204151569344984e-03	1.728116398943317861e-03	1.765250881567413579e-03	2.465899133760538799e-03	1.758594841772679598e-03	2.110281473573121565e-03	1.687558753627989684e-03	1.725238138372299328e-03	2.117691842098391990e-03	1.917574962667065869e-03	1.617052400627831590e-03	1.981686414722261605e-03	1.832190293974126976e-03	2.176931019471152993e-03	2.803534706859257212e-03	2.608981513297171061e-03	3.949471872375882875e-03	3.894248615980837845e-03	2.499322662823665747e-03	3.623963299312183556e-03	3.147200728088292085e-03	2.864854680227966847e-03	3.880139963580476591e-03	3.976206509867402997e-03	4.443192733727545189e-03	3.324555730764862556e-03	4.327875879633020194e-03	4.021838157821096271e-03	4.264877073186797152e-03	2.437901741528488916e-03	4.168042695909237629e-03	3.388031815182947735e-03	3.078264112538101928e-03	5.248843901656740155e-03	1.021506632164297059e+02
1.517981945737887153e-03	1.916716177222827508e-03	1.857736028342579174e-03	1.612568557857666949e-03	2.246900834432093326e-03	1.767189381137673678e-03	1.770730626131460789e-03	2.509598084868821209e-03	1.788301932603810537e-03	2.255036106746130357e-03	1.746008863141384820e-03	1.818907881385642888e-03	1.996625793908611730e-03	1.965714061497217391e-03	1.630907420654980483e-03	1.959191238257291384e-03	1.890733456402338575e-03	2.149591341283373265e-03	2.776871509596921285e-03	2.688900663168732313e-03	3.774694212302890858e-03	3.968199454491880274e-03	3.030333682802589280e-03	3.187571485983928168e-03	3.200527062507143878e-03	3.192028637623380277e-03	4.339658985877401995e-03	4.235156043497292043e-03	3.975450139262287630e-03	3.654584000438826710e-03	4.092307396388069826e-03	4.887002237436571805e-03	5.042289617869349580e-03	2.243994165186372850e-03	4.498753100401691601e-03	3.229004205718180066e-03	3.069792671460913353e-03	4.788701134453995922e-03	9.702860145394554081e+01
1.468055843550382551e-03	1.860390759180858980e-03	1.977982481167640111e-03	1.653506268239176430e-03	1.973606323608916718e-03	1.660288128483799336e-03	1.626213634863821287e-03	2.434351474438498867e-03	1.854789052954147494e-03	2.039357423589734791e-03	1.727900924471611338e-03	1.821420689351860127e-03	1.960518136648624777e-03	1.917093041760256416e-03	1.742306012378107109e-03	1.699619899250383011e-03	1.854869111816816098e-03	2.208268861250143461e-03	2.920413458575659392e-03	2.409442459987156358e-03	3.503569258402638477e-03	3.538182836084605154e-03	2.646862888297313136e-03	3.296120440559866839e-03	3.066183946445326294e-03	3.085126033132745346e-03	3.671104548807601481e-03	3.544936098874437117e-03	4.067293926722289656e-03	3.714764245342525549e-03	3.481784721239292169e-03	4.307816754937588907e-03	4.117276727419107163e-03	2.414763073551905344e-03	4.573725454066044152e-03	3.119946537176596785e-03	2.598256401776417434e-03	4.913479523060276626e-03	1.076388565710951468e+02
1.453962252414211977e-03	1.870012020823244277e-03	1.883516841698661733e-03	1.569348429482062034e-03	1.879816512032723378e-03	1.806427568617497044e-03	1.605183626963142471e-03	2.394128607064266619e-03	1.821871999716630957e-03	1.872029798448190258e-03	1.835974277825225265e-03	1.742355501347795429e-03	1.879140766466277663e-03	2.010366971392775655e-03	1.518854702873626526e-03	1.853353925570855494e-03	1.577386064868134801e-03	2.127271002869105584e-03	3.383862691339075031e-03	2.500523436813695613e-03	3.484485490568703554e-03	3.088687464080238330e-03	2.515091321544253578e-03	3.503009450102195603e-03	2.793936841407925441e-03	3.107031584667434808e-03	3.936123358324129622e-03	3.857858631019003576e-03	4.296174975348543076e-03	2.868941588027132481e-03	3.780805140111294024e-03	4.565365142141264085e-03	3.987282544358849642e-03	2.123746408235828095e-03	3.996915844303373933e-03	2.549608449498992364e-03	3.010669282769333661e-03	3.797915704616260969e-03	1.107932440280665958e+02
1.490785127744042021e-03	1.826898404012599394e-03	2.011001243696484541e-03	1.638227702528608767e-03	2.025827616415513260e-03	1.742546373545901008e-03	1.645919413561587998e-03	2.500447656528147211e-03	1.754212421126641590e-03	1.936525211823916185e-03	1.787363034594524874e-03	1.834047248673824912e-03	1.942125324647092904e-03	2.010530718362320106e-03	1.608028153321374321e-03	1.992439650995075917e-03	1.796351530147548541e-03	2.147468859021489825e-03	2.867671725307411809e-03	2.784400289810323552e-03	3.795542746072799734e-03	3.991383655277645770e-03	2.896649630905225471e-03	3.231053901278752374e-03	3.215226750155936782e-03	2.806414776016686805e-03	4.008940770972788115e-03	4.130171703049703713e-03	4.391171479370050736e-03	3.088617589202968632e-03	3.695587490754832782e-03	4.337656767311096236e-03	4.296369808668029644e-03	2.734196487956455125e-03	3.826377397315194797e-03	3.181959293287985741e-03	2.817498220274531132e-03	4.485215536346447152e-03	1.019346502998886592e+02
1.526463620021959160e-03	1.845538150469246521e-03	1.920986140539078816e-03	1.676808364558012802e-03	2.089689780932631538e-03	1.657134521377588016e-03	1.762593255338159052e-03	2.263490940128745632e-03	1.852723293731036803e-03	2.119911561899969193e-03	1.726204892141260452e-03	1.712576620627148790e-03	1.936199363572353640e-03	2.001737249574436599e-03	1.640358160626939447e-03	1.940769992217279000e-03	1.930597031203364587e-03	2.227820308719283791e-03	2.805455266945372159e-03	2.641737207007632295e-03	3.723506506002443629e-03	3.840867039658292688e-03	2.753741479362527625e-03	3.260157714091949273e-03	3.232226582161709834e-03	3.150856405295507714e-03	4.070501528178731461e-03	4.150714131664016288e-03	4.308786912640371475e-03	3.321685749353013237e-03	3.693322256684168896e-03	4.412459688254235374e-03	4.436334242156276045e-03	2.490654636523084373e-03	4.235400189673211441e-03	3.082286625117652140e-03	2.945333016235044191e-03	4.841195799914982736e-03	1.028730608851727624e+02
1.503282636966418728e-03	1.817657643316250397e-03	2.025318156110626072e-03	1.680256959969725870e-03	1.949696303025565906e-03	1.675601299754553731e-03	1.566846094345326467e-03	2.638899687432903242e-03	1.755522548302896604e-03	2.030946829326986912e-03	1.730821831951142101e-03	1.786850833057292837e-03	1.875735514227964799e-03	2.014620010110632770e-03	1.673065195934725097e-03	1.872639791409681873e-03	1.842741889041253547e-03	2.145695032752804356e-03	2.724979772532236735e-03	2.450200170299893579e-03	3.865503969894191604e-03	4.017803068459177042e-03	2.514390096774895850e-03	3.232578077601593828e-03	2.879186296879281300e-03	3.227563552568688422e-03	3.604658618908797643e-03	4.105554328143779484e-03	4.160754085060588796e-03	3.210821760315787313e-03	3.935313484087777855e-03	4.828155791329169499e-03	4.192786867068681173e-03	2.432614448902253521e-03	4.294647300236822778e-03	3.332850012466873936e-03	2.910900525087832709e-03	5.020587927495896025e-03	1.046225303345564157e+02
1.460793689279503210e-03	1.855152233081015963e-03	1.970347347709221555e-03	1.610318903102401144e-03	1.770193049983311744e-03	1.740183733703748546e-03	1.640889170383795807e-03	2.341068535639325397e-03	1.806182798899979951e-03	2.030363007508979856e-03	1.733857529912698463e-03	1.719920446601547193e-03	1.809645244803353287e-03	2.028106357161686517e-03	1.650488028177831898e-03	1.898549393783957942e-03	1.861857897182675557e-03	2.103352257641281746e-03	2.792869209036774342e-03	2.628611393499675000e-03	3.691335742400836568e-03	3.711160980525925017e-03	2.470655591336534847e-03	2.606833367933783074e-03	2.901546058700925270e-03	3.279175060898488134e-03	4.135126259855955583e-03	3.636311138975122786e-03	3.868228984461787295e-03	3.223786386265596084e-03	3.967419958703952837e-03	4.892303929207110318e-03	4.212474624372158048e-03	2.122667617049114885e-03	3.856122030162769006e-03	3.054273552537409200e-03	2.783130608952532475e-03	4.986140212079387055e-03	1.069754373710403854e+02
1.379048763596555901e-03	1.815014582153875230e-03	2.199562683494541739e-03	1.478647805630555574e-03	1.923340728442511118e-03	1.787228649531643395e-03	1.695767530963925322e-03	2.360534996072191812e-03	1.685778091149448855e-03	2.016732855323174513e-03	1.678903343778365836e-03	1.965411902821475806e-03	1.821320221826479681e-03	2.054009312596789035e-03	1.550188844473056674e-03	1.925682799334588712e-03	1.828140219010618035e-03	1.978437375892638621e-03	2.884568564401928954e-03	2.631080711252900377e-03	3.728915312616919511e-03	3.261576828105210678e-03	2.769988357475809508e-03	3.295546910897978465e-03	2.823445595025759515e-03	3.013128863938818822e-03	3.788742374558809207e-03	3.958318243274661433e-03	3.978452176805352854e-03	3.357453935255518690e-03	3.898680477833402040e-03	4.979217725690472315e-03	3.968879713532257394e-03	2.333556481290885269e-03	3.830414244224543234e-03	3.516461053862071293e-03	3.477787568094586543e-03	4.333439236054016305e-03	1.086388960125525358e+02
1.517668171621820716e-03	1.895684225852661137e-03	1.990204909274246800e-03	1.660443350406997200e-03	2.073409696671155676e-03	1.698054462688065001e-03	1.753618783020190327e-03	2.528923377114790979e-03	1.754844405997222582e-03	2.232319328739924141e-03	1.692634510939319218e-03	1.777602987132591468e-03	1.900496837520633791e-03	2.038777656130525209e-03	1.598222516522155180e-03	1.855347503828280124e-03	1.944311350823694530e-03	2.098277660059723847e-03	2.755068104832961162e-03	2.455301230167596365e-03	3.943446147487717976e-03	3.794433444233615005e-03	2.540982306317020149e-03	3.514078866836516102e-03	3.233573792133153345e-03	3.021004977976958841e-03	3.984561830339078924e-03	3.632212187606066213e-03	4.003109997886841222e-03	3.484769213263608136e-03	4.002030081829695100e-03	4.354111515420814454e-03	4.339619832913904802e-03	2.332080811189745414e-03	4.257214024167460184e-03	3.065053925139548177e-03	2.978087771470010192e-03	5.529945580615903966e-03	9.982967052634649008e+01
1.445776640138844238e-03	1.938044674947469320e-03	1.898735298848019601e-03	1.501513436453270553e-03	2.107869597787966325e-03	1.827196522086192753e-03	1.605011365853343652e-03	2.452232708618714858e-03	1.899116095980067382e-03	1.973582031139536463e-03	1.764968202129151096e-03	1.813801561596660970e-03	2.034655248528013070e-03	1.987326986931461665e-03	1.600652232162805191e-03	1.853061109065531377e-03	1.857296024488626872e-03	2.157914235329204400e-03	2.802172391461696301e-03	2.921577956878103084e-03	3.878088434147774610e-03	4.098112133532640783e-03	2.986411186904294572e-03	3.256697107509319393e-03	2.881947025445774115e-03	3.207200098359109814e-03	3.972685136335720596e-03	3.719688752666877249e-03	4.310616065579917985e-03	3.125822621959548856e-03	3.706435954522076075e-03	4.889145472930940192e-03	4.373258212165737763e-03	2.376695448140266499e-03	4.310161641284216555e-03	3.391685600751618776e-03	2.554688061592751136e-03	5.295806800494112093e-03	1.000143720432880343e+02
1.518328052692885424e-03	1.988115419532832020e-03	1.994801764787308175e-03	1.624273477664232249e-03	2.107605377953882843e-03	1.808118740877046396e-03	1.747982931962891329e-03	2.224683114535212780e-03	1.841210602014421629e-03	2.153579829200405471e-03	1.825539394981818241e-03	1.865061841930210768e-03	2.003733870458786377e-03	2.147206281726438647e-03	1.663460245719207854e-03	1.878829297453109065e-03	1.837748358459738614e-03	2.331890865988297222e-03	2.718786777408319956e-03	2.625821516436440458e-03	3.778738435590209971e-03	3.929658717557005070e-03	2.562710766654125762e-03	3.333938908268265118e-03	2.920285554332112225e-03	3.414225662080821490e-03	4.144873776825180010e-03	4.225907282514755614e-03	4.271457444861494201e-03	3.377066325715529817e-03	3.780867792738365658e-03	4.833846884435282105e-03	4.325207393571546197e-03	2.824434559140906117e-03	4.245017476738233327e-03	3.381023353982096167e-03	2.829192211851673695e-03	5.610934595909522829e-03	1.000309203546318031e+02
1.466692265897400361e-03	1.891114156962656577e-03	1.989226479660500743e-03	1.602787652969336635e-03	2.044500054666618764e-03	1.821834585613470083e-03	1.733125995398902049e-03	2.278445237774259519e-03	1.743486695914245538e-03	2.051575227388924456e-03	1.722009917196537943e-03	1.810021561767933803e-03	2.029642320847228898e-03	2.000095899400336670e-03	1.712908124087268637e-03	1.858884272273322478e-03	1.817288053313028924e-03	2.045205035053349139e-03	2.894562773127738742e-03	2.463452142629279570e-03	3.754468706688306352e-03	3.882618609921003466e-03	2.950382371328678834e-03	3.171981996684026042e-03	3.088205161962946643e-03	3.131456414351764181e-03	4.300236262296809955e-03	3.750725535019384157e-03	4.338069859026075920e-03	2.947594010458711583e-03	3.837209082576386113e-03	4.435169909085982798e-03	4.423403606872245396e-03	2.579473892804242958e-03	3.887845133112808986e-03	3.302079096618403681e-03	2.851883247669694151e-03	4.996242678834144843e-03	1.021364636277607332e+02
1.458633770677509201e-03	1.911462559773189230e-03	1.857521676688074714e-03	1.656694880195393790e-03	1.956411364902163955e-03	1.717227058971774502e-03	1.691491740553252229e-03	2.544931782972130983e-03	1.769999334516400655e-03	2.183644321431039981e-03	1.768874124832639592e-03	1.883204284503596330e-03	2.035455554773414090e-03	2.081211708485790346e-03	1.664075966903587681e-03	1.899160459833057263e-03	1.910944332848076065e-03	2.058271772373815485e-03	2.955357728230748743e-03	2.839214514923108987e-03	3.571647104926201684e-03	4.191959649355651157e-03	2.454070927888592386e-03	3.301053581736076818e-03	3.289008294475224102e-03	3.073542433867319530e-03	4.069852398115339845e-03	3.997388936932248955e-03	3.974293547329296739e-03	3.664629504100505239e-03	3.495747996615028788e-03	4.764115699156501113e-03	4.229043123117644590e-03	2.618599397839415158e-03	4.069567316036000817e-03	3.226600268419979427e-03	3.121420029382807569e-03	4.834053429152217717e-03	9.973851730120259163e+01
1.504790357965157289e-03	1.798620531424871029e-03	2.020878418847003779e-03	1.680743413210490081e-03	2.054527028678572540e-03	1.773520528303810639e-03	1.719534535065282222e-03	2.512469364968058193e-03	1.745487431451133494e-03	2.240498581764244906e-03	1.753828681185647196e-03	1.724394340310381624e-03	2.153706940074907698e-03	2.051028804300238269e-03	1.631501444385324590e-03	1.956166582356550637e-03	1.853697539268957034e-03	2.287720113058261135e-03	2.771072496582158064e-03	2.690611319728582890e-03	3.976421934183561185e-03	3.983369120412113065e-03	2.851345826596080567e-03	3.528448643700074147e-03	3.200097918536004907e-03	3.139423818842097119e-03	3.959616770705422228e-03	4.145797528221725585e-03	4.133096020543720536e-03	3.481654796036996562e-03	4.197313965359692617e-03	4.884013424996211383e-03	4.594024776241142916e-03	2.351115653277408707e-03	4.186817399042242621e-03	3.242582873804137050e-03	3.112899202769765089e-03	5.510548316026584771e-03	9.824092715366913353e+01
1.486490197650674073e-03	1.940347544854326839e-03	2.021590317072542026e-03	1.267563183348148492e-03	2.068693422984532737e-03	1.696751476713039084e-03	1.772983459840466597e-03	2.329794856011773233e-03	1.605272318405057998e-03	2.068142012823575779e-03	1.760114591549191265e-03	1.684163633203412686e-03	2.044300634990702144e-03	1.967782472619934026e-03	1.633796882510267848e-03	1.969429638086566195e-03	1.762966278227951020e-03	2.075503586882238363e-03	3.002683485210432511e-03	2.596294636317266966e-03	3.379115080876650672e-03	3.174131756978689975e-03	2.826668917428030309e-03	3.074137242113356497e-03	3.199534368995976541e-03	2.491416420344629533e-03	3.884789690719668565e-03	3.946345418607824160e-03	3.691646238438821455e-03	3.119706852307663550e-03	4.241516435853917057e-03	4.529447006066546384e-03	4.031416923684993416e-03	2.469561004656842945e-03	3.791026719328064853e-03	3.291978800153387650e-03	2.962273964136002448e-03	4.185758655645959760e-03	1.099024274164474662e+02
1.470272817536247365e-03	1.760674891664774401e-03	2.099701311077241048e-03	1.550040705856228209e-03	2.188239497167553897e-03	1.764700299237023737e-03	1.683524961597032731e-03	2.436096997563514874e-03	1.635741856216714734e-03	1.979420923119093283e-03	1.837181872370444776e-03	1.752685098019813540e-03	2.045118249758737412e-03	2.036564094458134279e-03	1.624288327586312017e-03	1.945071196125577623e-03	1.756548167061826749e-03	2.185453027918925380e-03	2.888976001743433653e-03	2.685380337891859256e-03	3.961287348750063518e-03	3.811893574320769553e-03	2.870986792908212029e-03	3.039563296926852363e-03	2.901601602489055354e-03	3.003731555274257066e-03	3.615113968312725669e-03	4.271021168638443333e-03	4.131354603472961115e-03	3.295345887652479603e-03	4.376282441786130684e-03	4.255855542716740700e-03	4.477774530411139826e-03	2.572945215945809071e-03	4.043262939867794427e-03	3.268442771467069356e-03	2.971153815661707262e-03	4.987864357494410650e-03	1.005989614795507947e+02
1.455411280039634481e-03	1.911189733770299500e-03	2.052373880553926347e-03	1.593976045081251652e-03	1.965532121858091629e-03	1.776347456482361411e-03	1.719078858366162406e-03	2.410480716350062169e-03	1.780942656621875998e-03	1.919857422141287712e-03	1.745996052415539016e-03	1.877099929248640404e-03	2.062480924917101457e-03	1.972510906659939636e-03	1.654052013571104566e-03	1.887746291304219504e-03	1.866187191000351006e-03	2.107372812022259914e-03	2.775541871666966330e-03	2.715225630954799189e-03	3.676734853164328326e-03	3.226129427898123941e-03	2.874268982953071504e-03	3.554675025661557276e-03	3.051941346077242240e-03	2.948126635916684460e-03	4.082304843888566806e-03	4.064601019669381726e-03	4.242940480291421818e-03	3.147615048010667365e-03	3.730480562538798523e-03	4.595827305939000074e-03	4.788881784098556957e-03	2.454438860973724799e-03	4.182743329411657725e-03	3.127567450280168120e-03	2.437045376351044609e-03	5.250050077041039376e-03	1.009430257844410619e+02
1.474603536261020727e-03	1.842714711712394818e-03	2.086329578744084822e-03	1.565753525714652823e-03	1.947498971149146541e-03	1.860060599719426649e-03	1.754959902496568743e-03	2.482766516170278361e-03	1.727109412878216534e-03	2.159595400345780229e-03	1.757616907852174986e-03	1.910372446380970406e-03	1.849981520763132378e-03	2.063389891409785071e-03	1.687415559262986451e-03	2.047971240857545706e-03	1.903012353406614669e-03	2.191177670611982493e-03	2.859375497253745062e-03	2.846132943570986451e-03	3.641245459384932423e-03	3.557479579834749335e-03	2.431294852079597495e-03	3.441573453947490563e-03	2.913138180164293219e-03	2.982287806070460512e-03	4.216986655831478359e-03	4.061673477152617784e-03	4.283678158805132204e-03	3.173911981253082441e-03	3.987408783850116337e-03	4.618328557715871419e-03	4.477508570282298650e-03	2.686632026160716384e-03	3.874455963982760976e-03	3.427988087622037966e-03	2.995739568729683874e-03	4.759483128294077735e-03	1.026537243624112250e+02
1.470784153277024256e-03	1.851962963073760030e-03	2.005426943956116655e-03	1.649192623861409426e-03	2.051053613744365390e-03	1.752278675370233388e-03	1.630059525549276949e-03	2.382739921662536692e-03	1.882343379430266150e-03	2.098411305022065011e-03	1.753899725517481332e-03	1.755418540722790454e-03	2.043840339583711304e-03	1.934275813259963336e-03	1.688782700425676226e-03	1.981859976617135130e-03	1.739333619875910609e-03	2.109464404347555569e-03	3.105033773880271596e-03	2.300809886571568777e-03	3.911023162548048389e-03	3.466052882479320370e-03	2.348194103662363912e-03	3.650041913093056162e-03	2.893840314591281798e-03	3.159131488019484117e-03	4.514436797022793393e-03	3.874944992360813707e-03	4.000743302048461944e-03	3.132837361742839971e-03	4.260464760878683241e-03	4.450224502217013656e-03	4.525022536388673133e-03	2.361796424993930880e-03	4.014848496126505011e-03	3.587904030779980394e-03	2.927865504910582509e-03	4.428285993075012535e-03	1.024536058410895123e+02
1.051472916607069019e-03	1.807051084126305805e-03	2.093781714312896013e-03	1.597744921448967809e-03	2.063464378139229227e-03	1.674530563413051051e-03	1.485375112552268437e-03	2.509494056664185631e-03	1.751974818974359575e-03	2.162145799676808144e-03	1.729698997082921219e-03	1.675271776752798895e-03	1.900057429089290926e-03	2.004081494033627814e-03	1.692672462821158234e-03	1.836345768622406902e-03	1.824309551110749137e-03	2.242553827451687892e-03	2.695218282566066992e-03	4.132629519681864784e-04	3.909209817482071046e-03	3.290952648593518069e-03	2.678282217243283837e-03	2.884083845945142888e-03	2.847782793388491281e-03	3.031781349063063929e-03	3.958918449301291990e-03	4.114887017320104784e-03	3.638662661058638358e-03	2.889502229349325511e-03	3.515112407572229796e-03	4.649012917256509572e-03	4.493767656001936873e-03	2.302845160850032491e-03	4.349997879226843653e-03	3.158013999030256404e-03	2.694841075963968092e-03	4.728019909372749817e-03	1.070426509175838135e+02
1.516588944395306886e-03	1.749459872158348230e-03	1.965488878402837057e-03	1.587658940685412415e-03	2.000081778962571003e-03	1.753739265321720576e-03	1.717242265641561599e-03	2.468164172002650959e-03	1.842643685459569025e-03	2.111912744463956704e-03	1.755577929519341624e-03	1.719743015667853873e-03	2.131835174526616576e-03	1.801491962169704704e-03	1.705660949119058422e-03	1.738787426566980408e-03	1.789739627115228280e-03	2.234495414936286256e-03	3.016096580854790710e-03	2.391037948475402755e-03	3.541249670901625707e-03	3.719117196562756605e-03	2.361769234201035843e-03	3.260992256713814586e-03	2.945531540665833649e-03	3.061613821008318977e-03	4.043613841617743968e-03	4.026230041387089502e-03	3.995453137067275437e-03	3.151979264933179627e-03	4.028303839244340261e-03	4.238765852739305624e-03	4.275584860079425890e-03	2.101784147268379553e-03	4.029765397907740868e-03	2.894033007384093185e-03	2.940084408039092892e-03	4.418728579501355128e-03	1.078905313769234908e+02
1.320040977161681187e-03	1.807618650246475139e-03	1.833826825360815056e-03	1.605581464797009713e-03	1.859688780242175522e-03	1.765875714461559876e-03	1.598530162615156283e-03	2.675534209609750809e-03	1.707627379144194529e-03	1.976104983418196064e-03	1.823972710354672313e-03	1.741573798488298651e-03	2.047989041282463184e-03	2.016030214180473956e-03	1.596428220462088685e-03	1.779777385483758377e-03	1.858410558426693785e-03	2.231423887867115940e-03	2.809884080218406043e-03	2.330699024025602133e-03	3.572379249349111763e-03	2.994518894091187638e-03	2.145039104243589081e-03	3.396375205359187209e-03	2.941539626864833439e-03	3.202203083595394750e-03	3.568094512315835541e-03	4.151217132528150361e-03	4.553639486846365256e-03	2.842093078690947384e-03	3.805297834292971533e-03	4.436517092663683215e-03	4.128541351019572245e-03	2.252481930443921317e-03	4.469964859463366677e-03	3.428331030031673068e-03	2.761360006723461227e-03	4.477574583602044953e-03	1.072317963476623959e+02
1.536520372940237706e-03	1.802376195271913071e-03	1.915484020076263418e-03	1.704201176009210051e-03	1.964799346109885256e-03	1.794741443312855480e-03	1.619856715040585366e-03	2.443714266091777561e-03	1.741531873003791375e-03	2.102336951798454943e-03	1.722190137559833929e-03	1.812427488318253590e-03	2.003459317356385931e-03	1.952342425433093841e-03	1.649528790891753062e-03	1.957394644279170700e-03	1.918619061014568711e-03	2.170760684027706749e-03	2.811738917024052438e-03	2.661586925752581871e-03	3.727001722392851886e-03	3.965827091550057359e-03	2.417490027328647595e-03	3.246325054463468016e-03	3.102331138332727056e-03	2.830292555232362568e-03	4.026851196647814046e-03	4.256164316044910509e-03	4.372186606821121257e-03	2.840765805034706735e-03	3.907643991402396516e-03	4.859282495664906179e-03	4.372600283873363108e-03	2.406764923697259344e-03	4.219406137133355217e-03	3.202083552862536667e-03	2.880938714515222585e-03	4.652189140519496363e-03	1.044882289291267057e+02
1.494578920821118019e-03	1.768071826180057926e-03	1.958456440571501068e-03	1.534997745563662207e-03	2.150297907915177734e-03	1.739642241839852409e-03	1.716700063171840412e-03	2.332404889119629211e-03	1.796888984654869317e-03	2.080513045564869566e-03	1.654652360282041559e-03	1.824283098735628075e-03	1.992865424215710217e-03	1.981632898420614478e-03	1.641267508455772567e-03	1.910734693894603105e-03	1.981160750370151470e-03	2.104584092443529016e-03	2.639542518445740261e-03	2.579167429852735269e-03	3.814249883690662771e-03	3.779195841012668311e-03	2.843014407542004095e-03	3.061350446925984511e-03	3.126797558112383302e-03	3.044163886590494500e-03	4.467197793414705471e-03	3.837920982557318800e-03	4.172308250640496645e-03	3.206211923378572866e-03	3.827051320071248736e-03	4.424859239373496456e-03	4.662770375547093532e-03	2.447768947924746415e-03	4.033980338497008579e-03	2.995612967617154732e-03	2.900966711178979470e-03	4.615889673888216686e-03	1.040334961124393232e+02
